Ticker,NFLX,NFLX,NFLX,NFLX,NFLX,META,META,META,META,META,GOOG,GOOG,GOOG,GOOG,GOOG,AAPL,AAPL,AAPL,AAPL,AAPL,AMZN,AMZN,AMZN,AMZN,AMZN
Price,Open,High,Low,Close,Volume,Open,High,Low,Close,Volume,Open,High,Low,Close,Volume,Open,High,Low,Close,Volume,Open,High,Low,Close,Volume
Datetime,,,,,,,,,,,,,,,,,,,,,,,,,
2025-12-15 14:30:00+00:00,96.01499938964844,96.37000274658203,94.36000061035156,94.3949966430664,2596795,645.4249877929688,649.6500244140625,641.4000244140625,647.4149780273438,921733,312.625,312.70001220703125,308.8002014160156,309.9493103027344,1759892,279.75,279.79168701171875,274.7049865722656,274.9599914550781,3208758,226.7949981689453,227.10000610351562,224.74000549316406,224.9499969482422,2915664
2025-12-15 14:45:00+00:00,94.36499786376953,94.93000030517578,94.29000091552734,94.62000274658203,1101247,647.4149780273438,647.5798950195312,643.0,643.2249755859375,483931,309.8699951171875,310.0209045410156,308.2300109863281,308.7200012207031,888834,274.9599914550781,275.1099853515625,274.1600036621094,274.8500061035156,2264058,224.9499969482422,225.3179931640625,224.10000610351562,224.35000610351562,1386090
2025-12-15 15:00:00+00:00,94.625,94.71499633789062,94.0,94.08999633789062,1132601,643.3400268554688,644.5654907226562,641.010009765625,641.1201782226562,425037,308.68499755859375,309.7699890136719,307.5199890136719,309.1499938964844,866690,274.82000732421875,275.5899963378906,274.0,274.2699890136719,1517416,224.3249969482422,224.6699981689453,223.72999572753906,224.00999450683594,1075961
2025-12-15 15:15:00+00:00,94.09500122070312,94.37999725341797,93.86000061035156,94.00499725341797,780152,641.010009765625,642.4299926757812,638.7000732421875,641.0549926757812,434022,309.114990234375,309.45001220703125,307.2349853515625,307.7300109863281,465402,274.25,274.3399963378906,273.6199951171875,274.1449890136719,1123730,223.97999572753906,224.06500244140625,222.88999938964844,223.02999877929688,1097453
2025-12-15 15:30:00+00:00,94.00499725341797,94.16999816894531,93.83499908447266,94.05500030517578,849937,640.9299926757812,643.25,640.7999877929688,643.0599975585938,297601,307.7300109863281,309.3125,307.3500061035156,309.3125,356706,274.1700134277344,274.80999755859375,273.9150085449219,274.55499267578125,1217234,223.0399932861328,224.1199951171875,222.98890686035156,224.0800018310547,860904
2025-12-15 15:45:00+00:00,94.05010223388672,94.44000244140625,93.98999786376953,94.20500183105469,633294,643.1300048828125,645.6599731445312,643.0499877929688,645.4000244140625,399521,309.3299865722656,309.3900146484375,308.3901062011719,308.8900146484375,232812,274.55499267578125,274.6300048828125,273.7200012207031,274.3699951171875,914738,224.05999755859375,224.22000122070312,223.3820037841797,223.58999633789062,630934
2025-12-15 16:00:00+00:00,94.20999908447266,94.5,94.0,94.06999969482422,553571,645.4000244140625,647.2305297851562,644.630126953125,647.0250854492188,268703,308.8999938964844,309.010009765625,308.25,308.3500061035156,330949,274.3900146484375,274.5054931640625,274.0400085449219,274.18499755859375,596694,223.60000610351562,224.05499267578125,223.24000549316406,223.3699951171875,574515
2025-12-15 16:15:00+00:00,94.06999969482422,94.55999755859375,94.05000305175781,94.43000030517578,639126,646.9299926757812,650.760009765625,646.9299926757812,650.5451049804688,351622,308.3299865722656,309.29998779296875,308.29998779296875,308.8299865722656,323803,274.1875,275.6404113769531,274.17999267578125,275.510009765625,766872,223.3800048828125,224.38999938964844,223.3800048828125,224.38999938964844,647054
2025-12-15 16:30:00+00:00,94.43000030517578,94.44100189208984,93.91999816894531,93.92379760742188,605761,650.6199951171875,650.9598999023438,648.7645874023438,649.0,218921,308.8399963378906,308.8800048828125,307.42498779296875,307.6300048828125,916562,275.5400085449219,275.69500732421875,274.2099914550781,274.2200012207031,573774,224.44000244140625,224.5,222.9149932861328,222.93499755859375,745741
2025-12-15 16:45:00+00:00,93.92500305175781,93.97000122070312,93.7699966430664,93.875,677390,649.1699829101562,650.89501953125,648.6699829101562,649.97998046875,191965,307.54998779296875,308.17950439453125,307.31500244140625,307.5799865722656,205340,274.2300109863281,275.20001220703125,274.1499938964844,274.95001220703125,597843,222.9499969482422,223.44000244140625,222.83999633789062,222.9250030517578,590297
2025-12-15 17:00:00+00:00,93.87000274658203,94.04000091552734,93.7300033569336,94.01000213623047,506014,649.9500122070312,651.3900146484375,649.780029296875,650.7650146484375,226736,307.55999755859375,307.7099914550781,306.9200134277344,307.1600036621094,368381,274.95001220703125,275.17999267578125,274.5199890136719,274.75,473767,222.92999267578125,223.3699951171875,222.80999755859375,222.81500244140625,989234
2025-12-15 17:15:00+00:00,94.01000213623047,94.05000305175781,93.88500213623047,94.0,392110,650.7575073242188,650.7899780273438,648.9000854492188,650.3099975585938,209301,307.19000244140625,307.2099914550781,305.739990234375,306.1426086425781,461343,274.7200012207031,275.1600036621094,274.489990234375,274.9200134277344,490900,222.82000732421875,223.1199951171875,222.52000427246094,222.5449981689453,588838
2025-12-15 17:30:00+00:00,94.00499725341797,94.2300033569336,93.94999694824219,94.1500015258789,521507,650.3699951171875,651.8900146484375,649.635986328125,651.6900024414062,162636,306.239990234375,307.2300109863281,306.1300048828125,306.9331970214844,346618,274.92498779296875,275.1000061035156,274.5400085449219,274.9544982910156,463189,222.5449981689453,223.0800018310547,222.4600067138672,222.83999633789062,573064
2025-12-15 17:45:00+00:00,94.1541976928711,94.19999694824219,93.9000015258789,94.03500366210938,395934,651.6900024414062,652.0,649.239990234375,650.510009765625,183084,306.93499755859375,307.04998779296875,306.1000061035156,306.9599914550781,255071,274.9700012207031,275.0799865722656,274.3800048828125,274.70001220703125,513987,222.83999633789062,222.9149932861328,222.10000610351562,222.63999938964844,555254
2025-12-15 18:00:00+00:00,94.03500366210938,94.05989837646484,93.76000213623047,94.0199966430664,559468,650.530029296875,652.25,650.2100219726562,652.0599975585938,130533,306.9599914550781,307.8598937988281,306.7300109863281,307.7799987792969,193661,274.69500732421875,274.80999755859375,274.25,274.4726867675781,480794,222.6199951171875,222.89999389648438,222.4199981689453,222.80999755859375,439217
2025-12-15 18:15:00+00:00,94.0198974609375,94.04989624023438,93.56999969482422,93.6449966430664,819181,651.9949951171875,652.3200073242188,649.4705810546875,650.219970703125,171201,307.7900085449219,307.8999938964844,307.1700134277344,307.45001220703125,211172,274.4776916503906,274.5199890136719,273.7300109863281,274.0400085449219,534718,222.8000030517578,222.8800048828125,222.17999267578125,222.375,443021
2025-12-15 18:30:00+00:00,93.6449966430664,93.80999755859375,93.52999877929688,93.76499938964844,440723,650.0999755859375,650.97998046875,649.25,650.8189086914062,139315,307.4447937011719,308.3299865722656,307.43499755859375,308.30499267578125,188663,274.0199890136719,274.25,273.44000244140625,273.69500732421875,542006,222.3800048828125,222.5399932861328,222.17999267578125,222.5050048828125,445845
2025-12-15 18:45:00+00:00,93.76499938964844,94.0199966430664,93.72000122070312,93.97000122070312,489930,650.85498046875,651.4799194335938,650.1849975585938,651.0499877929688,129853,308.30999755859375,308.94000244140625,308.2799987792969,308.75,214111,273.70330810546875,274.0799865722656,273.6700134277344,273.9100036621094,528277,222.50999450683594,222.91000366210938,222.47149658203125,222.77000427246094,431265
2025-12-15 19:00:00+00:00,93.9749984741211,94.06999969482422,93.83000183105469,94.01499938964844,544469,651.0999755859375,652.1599731445312,650.9400024414062,651.5399780273438,141397,308.7099914550781,309.3699951171875,308.6600036621094,309.04998779296875,460366,273.9049987792969,274.1499938964844,273.510009765625,273.5199890136719,610665,222.77000427246094,223.43499755859375,222.75390625,222.97000122070312,999784
2025-12-15 19:15:00+00:00,94.01499938964844,94.16500091552734,93.90499877929688,93.95989990234375,466821,651.4299926757812,652.0599975585938,650.7999877929688,651.219970703125,135281,308.989990234375,309.04998779296875,308.45001220703125,308.5400085449219,171508,273.510009765625,273.5299987792969,273.0799865722656,273.3699951171875,749205,222.9499969482422,223.32989501953125,222.7899932861328,223.22259521484375,438652
2025-12-15 19:30:00+00:00,93.95500183105469,94.01000213623047,93.7699966430664,93.79010009765625,388669,651.2750244140625,651.5999755859375,650.8499755859375,651.4600219726562,132532,308.57000732421875,308.75,308.239990234375,308.29998779296875,225941,273.3800048828125,273.44000244140625,272.8399963378906,273.1799011230469,677341,223.22999572753906,223.35499572753906,223.02000427246094,223.17999267578125,450839
2025-12-15 19:45:00+00:00,93.79000091552734,93.94999694824219,93.7300033569336,93.93499755859375,615703,651.3099975585938,651.6199951171875,650.5900268554688,651.14501953125,172977,308.3599853515625,308.9599914550781,308.150390625,308.8500061035156,229412,273.17999267578125,273.5799865722656,273.07501220703125,273.5404968261719,669894,223.1898956298828,223.3300018310547,222.7899932861328,223.2445068359375,455755
2025-12-15 20:00:00+00:00,93.94000244140625,93.94000244140625,93.7750015258789,93.79499816894531,643498,651.0900268554688,651.5399169921875,649.9099731445312,651.1699829101562,197940,308.82000732421875,309.4410095214844,308.30999755859375,309.25,288958,273.5400085449219,273.67999267578125,273.2300109863281,273.4800109863281,684822,223.24000549316406,223.41000366210938,222.83999633789062,222.8701934814453,577678
2025-12-15 20:15:00+00:00,93.79930114746094,93.80000305175781,93.5999984741211,93.69499969482422,608493,651.1950073242188,651.5598754882812,650.2100219726562,650.9949951171875,210533,309.260009765625,309.42999267578125,309.0299987792969,309.364990234375,308492,273.4849853515625,273.8424987792969,273.3900146484375,273.80499267578125,772559,222.875,223.0050048828125,222.5200958251953,222.6649932861328,600891
2025-12-15 20:30:00+00:00,93.69499969482422,93.70999908447266,93.55000305175781,93.58499908447266,10743596,651.0499877929688,651.4099731445312,649.9299926757812,650.5850219726562,256160,309.3599853515625,309.510009765625,308.4700012207031,308.6600036621094,302999,273.80999755859375,273.8999938964844,273.5199890136719,273.6789855957031,868814,222.69000244140625,222.7465057373047,222.25,222.32000732421875,703671
2025-12-15 20:45:00+00:00,93.58499908447266,93.86499786376953,93.56999969482422,93.76000213623047,2761527,650.5499877929688,653.0,647.125,647.5,1067579,308.6654052734375,309.54998779296875,308.6099853515625,309.3389892578125,832452,273.6700134277344,274.7200012207031,273.57000732421875,274.114990234375,3235616,222.32000732421875,222.72000122070312,221.8800048828125,222.5500030517578,3494313
2025-12-16 14:30:00+00:00,93.87999725341797,94.1698989868164,93.31999969482422,93.5199966430664,1796591,643.239990234375,650.0,643.2000122070312,647.89501953125,557294,305.8599853515625,307.8949890136719,304.1000061035156,307.57000732421875,1373845,272.82000732421875,273.92999267578125,271.7900085449219,272.375,2544995,223.13999938964844,223.6479949951172,222.05999755859375,222.36500549316406,3125285
2025-12-16 14:45:00+00:00,93.52999877929688,94.13999938964844,93.33000183105469,93.98999786376953,975851,647.97998046875,653.8400268554688,647.4650268554688,653.6517944335938,393311,307.6099853515625,311.0928955078125,307.0600891113281,310.9800109863281,610840,272.3800048828125,274.0299987792969,272.20001220703125,273.6099853515625,897018,222.39999389648438,223.66000366210938,221.9008026123047,223.2899932861328,1171161
2025-12-16 15:00:00+00:00,94.0,94.29499816894531,93.8949966430664,94.18900299072266,1020545,653.739990234375,654.5999755859375,651.510009765625,652.2081298828125,332771,310.95001220703125,311.8450012207031,309.0,309.4200134277344,837072,273.7099914550781,273.94000244140625,272.54998779296875,273.25518798828125,847860,223.30499267578125,223.5500030517578,222.42999267578125,222.96499633789062,801483
2025-12-16 15:15:00+00:00,94.18499755859375,94.23999786376953,93.81999969482422,93.94950103759766,683368,652.1500244140625,652.2999877929688,648.3400268554688,649.3099975585938,252142,309.30999755859375,309.4468078613281,307.6200866699219,308.92999267578125,458872,273.2550048828125,273.42999267578125,272.54998779296875,273.1700134277344,686218,222.93499755859375,223.07000732421875,221.93499755859375,222.36500549316406,650908
2025-12-16 15:30:00+00:00,93.94499969482422,94.16000366210938,93.7300033569336,94.14340209960938,794752,649.2849731445312,652.0,648.5989990234375,651.8568115234375,270433,308.89410400390625,309.44000244140625,307.92999267578125,308.6628112792969,338914,273.1700134277344,273.57000732421875,272.5,273.32989501953125,691203,222.2899932861328,223.25,222.27999877929688,223.19000244140625,728890
2025-12-16 15:45:00+00:00,94.1449966430664,94.38999938964844,94.08999633789062,94.3499984741211,765585,651.8099975585938,653.6799926757812,651.0,653.1124877929688,204721,308.6700134277344,309.19000244140625,308.1499938964844,308.4049987792969,230833,273.3299865722656,273.82000732421875,273.20001220703125,273.4200134277344,502446,223.17999267578125,223.47999572753906,222.92999267578125,223.33999633789062,632071
2025-12-16 16:00:00+00:00,94.34500122070312,94.43499755859375,94.02999877929688,94.06500244140625,512705,653.22998046875,653.75,651.3300170898438,651.3944091796875,181154,308.5080871582031,308.8299865722656,307.1499938964844,307.30999755859375,311298,273.4200134277344,273.739990234375,273.1099853515625,273.1799011230469,519488,223.34500122070312,223.47999572753906,222.9199981689453,222.9499969482422,505250
2025-12-16 16:15:00+00:00,94.06999969482422,94.33000183105469,93.93009948730469,94.29010009765625,435769,651.260009765625,651.5505981445312,649.4400024414062,650.3599853515625,185547,307.239990234375,307.3699951171875,305.9200134277344,306.3599853515625,392398,273.1600036621094,273.2101135253906,272.57000732421875,272.80999755859375,568922,222.92999267578125,222.9698944091797,222.5749969482422,222.75,714111
2025-12-16 16:30:00+00:00,94.29070281982422,94.44999694824219,94.25,94.375,479072,650.239990234375,650.6500244140625,648.2249755859375,650.1400146484375,235211,306.3800048828125,306.6700134277344,305.6600036621094,306.1400146484375,370907,272.79998779296875,273.44000244140625,272.69000244140625,273.32000732421875,498471,222.75999450683594,222.86000061035156,222.3000030517578,222.75999450683594,504315
2025-12-16 16:45:00+00:00,94.37999725341797,94.58999633789062,94.375,94.56999969482422,553625,650.1099853515625,652.6199951171875,649.85498046875,652.3800048828125,210312,306.1400146484375,306.9200134277344,305.8778991699219,306.8900146484375,273665,273.3599853515625,273.94000244140625,273.0799865722656,273.9100036621094,447112,222.74000549316406,223.24000549316406,222.4550018310547,223.1699981689453,411702
2025-12-16 17:00:00+00:00,94.56500244140625,94.6500015258789,94.33999633789062,94.52559661865234,625311,652.2899780273438,652.7999877929688,650.5999755859375,652.0989990234375,147944,306.8900146484375,307.17999267578125,306.1600036621094,306.6300048828125,466376,273.8900146484375,274.2799987792969,273.4700012207031,273.8550109863281,635025,223.1999969482422,223.2615966796875,222.60000610351562,222.9208984375,540276
2025-12-16 17:15:00+00:00,94.5250015258789,94.67500305175781,94.3499984741211,94.46499633789062,381355,652.0900268554688,652.6796875,650.9801025390625,651.3699951171875,115123,306.6300048828125,306.77911376953125,305.55999755859375,305.69500732421875,2874708,273.8399963378906,274.0400085449219,273.1600036621094,273.20001220703125,349196,222.91000366210938,222.97000122070312,222.22000122070312,222.30999755859375,409051
2025-12-16 17:30:00+00:00,94.45999908447266,94.5,94.17500305175781,94.21089935302734,438016,651.3699951171875,652.6799926757812,650.8499755859375,651.4550170898438,186424,305.7200012207031,306.6199951171875,305.1199951171875,305.2799987792969,196191,273.19989013671875,273.489990234375,272.6400146484375,272.7184143066406,451298,222.3000030517578,222.63999938964844,221.99000549316406,222.1699981689453,463860
2025-12-16 17:45:00+00:00,94.22000122070312,94.27999877929688,93.95999908447266,93.97019958496094,520774,651.6099853515625,651.7299194335938,649.5599975585938,649.6998901367188,170228,305.2900085449219,305.3599853515625,304.42999267578125,304.42999267578125,341994,272.7200012207031,272.8399963378906,272.1000061035156,272.17999267578125,531395,222.17999267578125,222.35000610351562,221.89999389648438,222.02000427246094,401441
2025-12-16 18:00:00+00:00,93.9749984741211,94.25,93.80000305175781,94.2300033569336,630262,649.5,650.9987182617188,649.25,650.9450073242188,145562,304.42999267578125,305.1099853515625,303.8299865722656,305.04010009765625,506113,272.1700134277344,272.5299987792969,271.79998779296875,272.2699890136719,662466,222.0,222.13999938964844,221.3679962158203,221.67999267578125,591107
2025-12-16 18:15:00+00:00,94.23320007324219,94.26000213623047,94.05999755859375,94.25800323486328,504148,650.9099731445312,650.9400024414062,649.739990234375,650.2650146484375,107996,304.9800109863281,305.0899963378906,304.42999267578125,304.45001220703125,273515,272.2699890136719,272.5400085449219,272.06060791015625,272.1300048828125,473372,221.66000366210938,221.66000366210938,221.13040161132812,221.47579956054688,576727
2025-12-16 18:30:00+00:00,94.26589965820312,94.62799835205078,94.2300033569336,94.6050033569336,529405,650.3300170898438,653.4299926757812,650.3300170898438,653.3250122070312,193819,304.4599914550781,306.0274963378906,304.1499938964844,306.0,331451,272.135009765625,273.42999267578125,272.135009765625,273.4200134277344,619122,221.49000549316406,222.49000549316406,221.49000549316406,222.47999572753906,622514
2025-12-16 18:45:00+00:00,94.61000061035156,94.66999816894531,94.37000274658203,94.45500183105469,478165,653.3200073242188,654.239990234375,653.0700073242188,653.6799926757812,242647,305.989990234375,306.3299865722656,305.8301086425781,306.1000061035156,267852,273.42999267578125,273.9100036621094,273.4200134277344,273.7099914550781,511380,222.47999572753906,222.6466064453125,222.35000610351562,222.55990600585938,472536
2025-12-16 19:00:00+00:00,94.45500183105469,94.51000213623047,94.31999969482422,94.34500122070312,370801,653.6199951171875,654.2999877929688,653.02001953125,653.594970703125,211565,306.0899963378906,306.26708984375,305.6600036621094,305.9599914550781,250539,273.70001220703125,273.760009765625,273.0199890136719,273.1300048828125,491173,222.51499938964844,222.5915985107422,221.89999389648438,221.9615936279297,448103
2025-12-16 19:15:00+00:00,94.34500122070312,94.43000030517578,94.23999786376953,94.38500213623047,414231,653.5349731445312,655.22998046875,653.2899780273438,655.0800170898438,264568,305.9599914550781,306.0950012207031,305.3900146484375,306.0899963378906,275747,273.125,273.57550048828125,272.989990234375,273.56500244140625,386363,221.9499969482422,222.08999633789062,221.7100067138672,222.08999633789062,397806
2025-12-16 19:30:00+00:00,94.38749694824219,94.5199966430664,94.33999633789062,94.36650085449219,415925,655.0499877929688,657.3400268554688,655.0399169921875,657.030029296875,277984,306.05999755859375,306.4100036621094,305.8800048828125,306.23199462890625,195027,273.56500244140625,274.1300048828125,273.5400085449219,274.0199890136719,453644,222.07000732421875,222.7100067138672,222.00999450683594,222.69000244140625,406451
2025-12-16 19:45:00+00:00,94.36499786376953,94.44000244140625,94.20999908447266,94.21499633789062,338072,657.0999755859375,658.5900268554688,657.0,658.1199951171875,295059,306.2099914550781,306.45660400390625,305.93310546875,306.37750244140625,186421,274.0299987792969,274.4200134277344,273.8800048828125,274.1199951171875,480825,222.69000244140625,222.84010314941406,222.30999755859375,222.3800048828125,685248
2025-12-16 20:00:00+00:00,94.20999908447266,94.3949966430664,94.18000030517578,94.24500274658203,399245,658.030029296875,658.989990234375,657.280029296875,658.7349853515625,301066,306.3900146484375,306.9328918457031,306.2900085449219,306.32000732421875,272362,274.0899963378906,274.6499938964844,274.0199890136719,274.3399963378906,473499,222.38999938964844,222.6199951171875,222.32000732421875,222.32879638671875,489594
2025-12-16 20:15:00+00:00,94.24500274658203,94.4800033569336,94.2300033569336,94.44499969482422,537931,658.8099975585938,659.2000122070312,658.2000122070312,658.8599853515625,279512,306.3500061035156,307.05999755859375,306.29998779296875,307.0199890136719,273932,274.3399963378906,274.79998779296875,274.3399963378906,274.55999755859375,504621,222.33999633789062,222.6999969482422,222.25,222.64920043945312,476662
2025-12-16 20:30:00+00:00,94.44499969482422,94.5199966430664,94.41000366210938,94.48699951171875,563467,658.844970703125,661.9000244140625,658.7631225585938,661.3499755859375,449495,307.010009765625,307.739990234375,307.010009765625,307.4700012207031,358666,274.54998779296875,275.3550109863281,274.5400085449219,275.135009765625,674084,222.64999389648438,223.3000030517578,222.63580322265625,223.04559326171875,776236
2025-12-16 20:45:00+00:00,94.48500061035156,94.91999816894531,94.15499877929688,94.54499816894531,2495323,661.3800048828125,662.52001953125,657.1099853515625,657.1599731445312,1005726,307.489990234375,308.19000244140625,307.1199951171875,307.5799865722656,1097182,275.1400146484375,275.5,274.45001220703125,274.4700012207031,1687763,223.0399932861328,223.2100067138672,222.49000549316406,222.52999877929688,1488352
2025-12-17 14:30:00+00:00,95.9800033569336,97.27999877929688,95.61000061035156,96.76000213623047,5186605,655.6099853515625,659.47998046875,654.2000122070312,656.1300048828125,709768,308.7950134277344,309.19500732421875,301.5899963378906,301.75,1767334,275.010009765625,276.1600036621094,274.8299865722656,275.610107421875,2112654,224.55999755859375,225.19000244140625,223.5500030517578,224.11709594726562,3021259
2025-12-17 14:45:00+00:00,96.75,96.83989715576172,95.77130126953125,96.5199966430664,2092933,656.22998046875,657.6799926757812,654.0,657.301025390625,410558,301.7200012207031,302.3299865722656,300.260009765625,302.0849914550781,1197692,275.6099853515625,275.989990234375,274.9700012207031,275.30999755859375,968099,224.08999633789062,224.52000427246094,222.83999633789062,224.2100067138672,1071397
2025-12-17 15:00:00+00:00,96.5250015258789,97.19000244140625,96.51000213623047,97.05999755859375,2363220,657.4099731445312,659.0900268554688,656.0001220703125,656.989990234375,273136,302.125,302.989990234375,300.8299865722656,301.0899963378906,916896,275.3599853515625,275.8599853515625,275.0,275.3949890136719,745825,224.19000244140625,224.4600067138672,223.8000030517578,224.08999633789062,618780
2025-12-17 15:15:00+00:00,97.05500030517578,97.33000183105469,96.88999938964844,97.13500213623047,1691213,657.4400024414062,660.2000122070312,656.6959838867188,659.4199829101562,228368,301.073486328125,301.4100036621094,300.24139404296875,301.010009765625,666905,275.3949890136719,275.8599853515625,275.25,275.4949951171875,748272,224.09500122070312,225.0399932861328,223.9600067138672,224.77870178222656,817923
2025-12-17 15:30:00+00:00,97.13500213623047,97.1500015258789,96.58999633789062,96.8499984741211,1267666,659.4000244140625,660.1500244140625,657.2000122070312,657.8101196289062,283172,300.9100036621094,301.1099853515625,298.3299865722656,298.4800109863281,1027110,275.4700012207031,275.7300109863281,274.94000244140625,275.0151062011719,871567,224.77000427246094,224.92030334472656,223.18499755859375,223.44000244140625,972263
2025-12-17 15:45:00+00:00,96.8499984741211,96.97000122070312,96.16200256347656,96.30999755859375,7364644,657.9199829101562,659.5,655.8250122070312,656.6500244140625,317493,298.3877868652344,299.70001220703125,297.8800048828125,299.0299987792969,789632,275.0,275.0950012207031,274.30999755859375,274.614990234375,701990,223.4199981689453,223.77000427246094,222.97000122070312,223.60499572753906,852146
2025-12-17 16:00:00+00:00,96.30999755859375,96.36499786376953,95.44000244140625,95.46499633789062,1542001,656.6099853515625,657.7999877929688,655.219970703125,655.260009765625,241120,299.0,300.8599853515625,298.6700134277344,299.489990234375,908984,274.6000061035156,275.05999755859375,273.79998779296875,273.8500061035156,879993,223.6199951171875,224.0500030517578,223.5,223.52999877929688,748063
2025-12-17 16:15:00+00:00,95.46499633789062,95.83000183105469,95.19999694824219,95.76000213623047,1320676,655.2899780273438,659.3499755859375,655.1300048828125,658.7999877929688,261604,299.42999267578125,300.4194030761719,299.260009765625,300.0,425852,273.8472900390625,273.9200134277344,273.0450134277344,273.489990234375,901379,223.52999877929688,224.19000244140625,223.4499969482422,224.13999938964844,673325
2025-12-17 16:30:00+00:00,95.76000213623047,95.80000305175781,95.52010345458984,95.70999908447266,854182,658.6900024414062,659.52001953125,657.7501220703125,658.9349975585938,252232,299.9800109863281,301.010009765625,299.2799987792969,300.8800048828125,317640,273.489990234375,273.489990234375,272.7301025390625,272.9100036621094,651268,224.10000610351562,224.1894989013672,223.58999633789062,223.72000122070312,581318
2025-12-17 16:45:00+00:00,95.69999694824219,95.77999877929688,95.46499633789062,95.77420043945312,8516433,658.9324951171875,659.5977172851562,656.3800048828125,656.802490234375,1534667,300.8599853515625,301.25,300.0,300.67999267578125,358515,272.8900146484375,273.0799865722656,272.30999755859375,272.639892578125,565810,223.66000366210938,223.89500427246094,223.1199951171875,223.62100219726562,560376
2025-12-17 17:00:00+00:00,95.7750015258789,95.94999694824219,95.75,95.76010131835938,777472,656.9199829101562,658.4121704101562,655.9000244140625,657.3499755859375,175091,300.7099914550781,301.1000061035156,300.1700134277344,300.3518981933594,610422,272.61138916015625,272.7699890136719,272.2799987792969,272.3599853515625,592336,223.625,223.89999389648438,223.02000427246094,223.0399932861328,470987
2025-12-17 17:15:00+00:00,95.7645034790039,95.91999816894531,95.65010070800781,95.80500030517578,686972,657.3800048828125,660.4000244140625,657.22998046875,659.469970703125,194174,300.375,301.6700134277344,300.2300109863281,301.2049865722656,370597,272.3599853515625,273.1299133300781,272.3500061035156,272.8699951171875,563395,223.0399932861328,224.0500030517578,222.96499633789062,223.64500427246094,569348
2025-12-17 17:30:00+00:00,95.80500030517578,95.97000122070312,95.6500015258789,95.76499938964844,610863,659.4323120117188,661.22998046875,658.780029296875,658.8800048828125,209365,301.2598876953125,301.42999267578125,300.07000732421875,300.20001220703125,280442,272.8800048828125,273.510009765625,272.8500061035156,272.9700012207031,477334,223.65469360351562,224.00999450683594,223.4600067138672,223.62730407714844,406771
2025-12-17 17:45:00+00:00,95.7699966430664,95.83999633789062,95.62000274658203,95.74500274658203,532351,658.9349975585938,659.5,657.8599853515625,658.3099975585938,158636,300.2200012207031,300.7200012207031,299.510009765625,300.3599853515625,373319,272.9700012207031,273.6300048828125,272.94000244140625,273.3800048828125,374185,223.64999389648438,223.86500549316406,223.4199981689453,223.67999267578125,340643
2025-12-17 18:00:00+00:00,95.74500274658203,95.93000030517578,95.47000122070312,95.54499816894531,630605,658.4400024414062,659.8599243164062,658.1199951171875,658.2239990234375,138259,300.3900146484375,300.8800048828125,300.2799987792969,300.3299865722656,200321,273.3800048828125,273.69000244140625,272.80999755859375,272.82000732421875,372541,223.69000244140625,224.5500030517578,223.69000244140625,223.94000244140625,559608
2025-12-17 18:15:00+00:00,95.5479965209961,95.7699966430664,95.42500305175781,95.71499633789062,489530,658.260009765625,658.260009765625,656.780029296875,657.4149780273438,159085,300.30999755859375,300.760009765625,300.0101013183594,300.75,308015,272.80999755859375,273.2189025878906,272.6499938964844,273.0199890136719,475062,223.91859436035156,224.02439880371094,223.7100067138672,223.7899932861328,351051
2025-12-17 18:30:00+00:00,95.70999908447266,95.77999877929688,95.41500091552734,95.6500015258789,605292,657.4000244140625,657.9099731445312,655.3599853515625,656.0150146484375,178175,300.7099914550781,300.7300109863281,299.9100036621094,300.1099853515625,232112,272.9901123046875,273.090087890625,272.44000244140625,272.889892578125,419430,223.75,223.75999450683594,222.69000244140625,223.15499877929688,612914
2025-12-17 18:45:00+00:00,95.6500015258789,95.69999694824219,95.22000122070312,95.2854995727539,625267,655.9299926757812,656.4400024414062,653.3201293945312,653.6099853515625,244831,300.07000732421875,300.1651916503906,299.19000244140625,299.5350036621094,363206,272.8599853515625,273.1199951171875,272.70001220703125,272.989990234375,488902,223.1300048828125,223.47000122070312,223.0449981689453,223.13999938964844,494566
2025-12-17 19:00:00+00:00,95.29000091552734,95.37999725341797,95.05999755859375,95.20559692382812,606768,653.5676879882812,654.010009765625,652.0700073242188,653.1259155273438,234735,299.5400085449219,299.6377868652344,298.81500244140625,299.07000732421875,279410,272.9700012207031,273.44000244140625,272.79998779296875,273.375,471786,223.1300048828125,223.22000122070312,222.57000732421875,222.69500732421875,589750
2025-12-17 19:15:00+00:00,95.20500183105469,95.37000274658203,95.19999694824219,95.23500061035156,581289,653.3699951171875,653.7999877929688,652.6901245117188,653.0349731445312,140981,299.0400085449219,299.42999267578125,298.70489501953125,298.7799987792969,289602,273.3500061035156,273.9700012207031,273.3500061035156,273.7850036621094,666245,222.72999572753906,223.14999389648438,222.72000122070312,222.9149932861328,446095
2025-12-17 19:30:00+00:00,95.23500061035156,95.37000274658203,95.15499877929688,95.25499725341797,456518,653.1199951171875,654.7098999023438,652.5,654.5,143982,298.760009765625,298.92498779296875,298.0199890136719,298.7496032714844,309230,273.7699890136719,274.1099853515625,273.69000244140625,273.8900146484375,501463,222.89999389648438,223.08999633789062,222.75999450683594,222.94000244140625,399385
2025-12-17 19:45:00+00:00,95.25969696044922,95.30000305175781,94.96499633789062,95.06929779052734,598545,654.3839721679688,654.9500122070312,653.9199829101562,653.9400024414062,166789,298.7300109863281,298.79998779296875,297.8900146484375,298.0299987792969,394326,273.9100036621094,274.0299987792969,273.5899963378906,273.6499938964844,694325,222.94000244140625,223.03500366210938,222.6199951171875,222.64990234375,415778
2025-12-17 20:00:00+00:00,95.06999969482422,95.13999938964844,94.91999816894531,95.01499938964844,553178,654.02001953125,654.02001953125,652.4099731445312,653.5999755859375,155633,298.0299987792969,298.239990234375,297.5899963378906,297.9200134277344,373444,273.6600036621094,273.95001220703125,273.57000732421875,273.79998779296875,421701,222.6199951171875,222.6999969482422,222.00999450683594,222.20010375976562,617874
2025-12-17 20:15:00+00:00,95.01499938964844,95.0154037475586,94.65499877929688,94.68499755859375,714273,653.5999755859375,654.3900146484375,653.1799926757812,653.5800170898438,178593,297.8900146484375,298.42999267578125,297.7699890136719,298.1700134277344,342042,273.7900085449219,273.93499755859375,273.57501220703125,273.65008544921875,549991,222.2050018310547,222.4394073486328,221.92999267578125,222.02000427246094,604521
2025-12-17 20:30:00+00:00,94.69000244140625,94.7300033569336,94.45999908447266,94.63500213623047,969613,653.6400146484375,654.0999755859375,652.6199951171875,653.97998046875,199471,298.1499938964844,298.94000244140625,297.7950134277344,298.8699951171875,442421,273.6700134277344,273.8699951171875,273.41009521484375,273.5,848643,222.02999877929688,222.17100524902344,221.64999389648438,222.11000061035156,649531
2025-12-17 20:45:00+00:00,94.63500213623047,95.0199966430664,94.58999633789062,94.76000213623047,2263878,654.0599975585938,654.7000122070312,649.2000122070312,649.47998046875,958484,298.8599853515625,298.9198913574219,297.45001220703125,298.04998779296875,1402306,273.5,273.5799865722656,271.69000244140625,271.8599853515625,4282093,222.11000061035156,222.22000122070312,221.19000244140625,221.24099731445312,2348167
2025-12-18 14:30:00+00:00,95.0199966430664,95.54000091552734,94.12999725341797,94.87999725341797,2777853,656.989990234375,663.0,656.4600219726562,658.5650024414062,1407793,303.06500244140625,303.8299865722656,301.260009765625,301.40008544921875,1958951,273.6050109863281,273.6199951171875,266.9599914550781,268.1679992675781,4332523,225.7050018310547,226.5,224.41000366210938,224.44000244140625,3130777
2025-12-18 14:45:00+00:00,94.88500213623047,95.41500091552734,94.6050033569336,95.2750015258789,1061867,658.6900024414062,663.9500122070312,658.6699829101562,662.7899780273438,486227,301.3999938964844,302.2799987792969,300.6300048828125,301.94000244140625,662100,268.2099914550781,269.6300048828125,268.07000732421875,268.82000732421875,2832135,224.4600067138672,227.0800018310547,224.4600067138672,226.8300018310547,1413244
2025-12-18 15:00:00+00:00,95.27999877929688,95.47000122070312,94.80000305175781,94.83499908447266,877147,662.8400268554688,663.7999877929688,660.6599731445312,661.364013671875,391611,301.8999938964844,302.590087890625,301.239990234375,301.31500244140625,435855,268.82000732421875,269.54998779296875,268.3800048828125,269.4100036621094,1446645,226.80999755859375,227.14999389648438,225.72999572753906,226.17999267578125,1188654
2025-12-18 15:15:00+00:00,94.83000183105469,95.61499786376953,94.83000183105469,95.50499725341797,828857,661.25,666.7000122070312,661.239990234375,666.3400268554688,459571,301.2900085449219,303.3299865722656,301.0249938964844,302.8948059082031,540360,269.3999938964844,271.06500244140625,268.7099914550781,270.8999938964844,1515783,226.16000366210938,227.8300018310547,225.94679260253906,227.58270263671875,1080183
2025-12-18 15:30:00+00:00,95.5,95.80999755859375,95.41000366210938,95.47419738769531,839977,666.2999877929688,670.280029296875,665.77001953125,670.0800170898438,573635,302.8500061035156,304.1000061035156,302.44000244140625,303.6700134277344,674472,270.86199951171875,272.2250061035156,270.80999755859375,271.6700134277344,1184566,227.55999755859375,228.2552032470703,227.41000366210938,228.0800018310547,1118315
2025-12-18 15:45:00+00:00,95.4749984741211,95.48999786376953,95.16000366210938,95.20010375976562,773552,670.27001953125,670.5599975585938,667.1099853515625,667.219970703125,327384,303.5799865722656,303.8399963378906,303.17999267578125,303.760009765625,448426,271.6700134277344,272.1105041503906,271.180908203125,272.0199890136719,803068,228.05999755859375,228.47999572753906,227.875,228.02999877929688,1053807
2025-12-18 16:00:00+00:00,95.20500183105469,95.41999816894531,95.06999969482422,95.07990264892578,648728,667.1199951171875,668.5499877929688,666.340087890625,667.6221923828125,281508,303.739990234375,304.1756896972656,303.5,303.67999267578125,336260,272.0,272.6600036621094,271.92999267578125,272.489990234375,855810,228.0500030517578,229.0500030517578,227.86000061035156,228.64010620117188,1108353
2025-12-18 16:15:00+00:00,95.08000183105469,95.19000244140625,94.5,94.69930267333984,980259,667.5399780273438,668.9199829101562,666.8079833984375,667.030029296875,200603,303.6400146484375,304.4200134277344,303.3500061035156,303.489990234375,440437,272.489990234375,272.7200012207031,272.0,272.29998779296875,815791,228.66000366210938,229.22500610351562,228.22000122070312,228.32000732421875,922810
2025-12-18 16:30:00+00:00,94.69000244140625,94.87000274658203,94.5,94.55999755859375,816070,667.0,668.5499877929688,666.52001953125,667.7999877929688,218311,303.4100036621094,304.1400146484375,303.3800048828125,303.9599914550781,231033,272.2900085449219,273.16400146484375,272.260009765625,273.0497131347656,625960,228.3000030517578,228.77999877929688,228.1999969482422,228.23599243164062,509924
2025-12-18 16:45:00+00:00,94.56500244140625,94.80999755859375,94.56500244140625,94.65499877929688,696942,667.760009765625,668.75,667.52001953125,667.9149780273438,205443,303.989990234375,304.6300048828125,303.95001220703125,304.3399963378906,329660,273.0400085449219,273.1499938964844,272.6600036621094,272.8599853515625,1878840,228.1999969482422,228.35000610351562,227.52999877929688,227.5399932861328,694549
2025-12-18 17:00:00+00:00,94.6500015258789,94.77999877929688,94.0801010131836,94.13999938964844,669255,667.8699951171875,667.8900146484375,662.75,663.3159790039062,235313,304.2799987792969,304.4649963378906,303.1099853515625,303.3299865722656,346347,272.8550109863281,272.8599853515625,270.92999267578125,271.0249938964844,561950,227.50999450683594,227.52999877929688,226.02000427246094,226.2449951171875,809217
2025-12-18 17:15:00+00:00,94.1449966430664,94.20999908447266,93.94999694824219,94.19499969482422,822836,663.3099975585938,664.2000122070312,662.219970703125,663.910400390625,458148,303.2799987792969,303.6700134277344,302.55999755859375,303.6050109863281,425646,270.989990234375,270.989990234375,269.94000244140625,270.25,626166,226.22999572753906,226.22999572753906,225.4114990234375,225.80349731445312,655830
2025-12-18 17:30:00+00:00,94.19000244140625,94.3499984741211,94.06500244140625,94.32499694824219,500922,663.8099975585938,666.4299926757812,663.3800048828125,665.947509765625,214082,303.6000061035156,304.7300109863281,303.510009765625,304.5799865722656,316484,270.20001220703125,271.989990234375,270.1199951171875,271.9599914550781,631432,225.82000732421875,226.66000366210938,225.57009887695312,226.51300048828125,542019
2025-12-18 17:45:00+00:00,94.33000183105469,94.38999938964844,94.1449966430664,94.23500061035156,472466,666.0,666.5399169921875,665.22998046875,666.3800048828125,176650,304.6499938964844,304.92999267578125,304.0347900390625,304.2799987792969,197387,271.9800109863281,272.4200134277344,271.9800109863281,272.389892578125,491245,226.5399932861328,226.89999389648438,226.3699951171875,226.87620544433594,428626
2025-12-18 18:00:00+00:00,94.23999786376953,94.2699966430664,93.91000366210938,93.94650268554688,637251,666.2100219726562,666.510009765625,665.280029296875,665.9299926757812,171369,304.2900085449219,304.9200134277344,303.94000244140625,304.55499267578125,174618,272.3599853515625,272.4599914550781,271.8599853515625,272.07000732421875,379390,226.88999938964844,226.89999389648438,226.44000244140625,226.64999389648438,368740
2025-12-18 18:15:00+00:00,93.94999694824219,94.0199966430664,93.80999755859375,93.86509704589844,663454,665.9299926757812,667.219970703125,665.9299926757812,666.6199951171875,131715,304.54998779296875,305.260009765625,304.54998779296875,305.0994873046875,251265,272.07000732421875,272.75,272.07000732421875,272.6499938964844,418445,226.66000366210938,227.19500732421875,226.64999389648438,227.0449981689453,390929
2025-12-18 18:30:00+00:00,93.86499786376953,94.27999877929688,93.86499786376953,94.24549865722656,500554,666.6199951171875,667.5150146484375,665.9349975585938,667.4500122070312,153935,305.1510009765625,305.25,304.67999267578125,304.67999267578125,164436,272.6700134277344,272.9599914550781,272.4200134277344,272.6549987792969,444001,227.08999633789062,227.44500732421875,227.00999450683594,227.13009643554688,1114736
2025-12-18 18:45:00+00:00,94.24749755859375,94.27999877929688,94.07499694824219,94.18000030517578,458615,667.4500122070312,667.5,665.5499877929688,665.7349853515625,124000,304.70001220703125,304.94000244140625,304.1199951171875,304.1700134277344,210576,272.6449890136719,272.6650085449219,271.6099853515625,271.75,490685,227.14500427246094,227.3800048828125,226.91000366210938,226.9600067138672,383632
2025-12-18 19:00:00+00:00,94.16500091552734,94.16500091552734,93.75,93.91999816894531,572978,665.75,666.1300048828125,663.9849853515625,664.77001953125,133663,304.1300964355469,304.3699951171875,303.4800109863281,303.8299865722656,218186,271.7149963378906,271.8999938964844,271.1000061035156,271.3500061035156,615322,226.9499969482422,226.9499969482422,226.3000030517578,226.6999969482422,468571
2025-12-18 19:15:00+00:00,93.91500091552734,94.01499938964844,93.8550033569336,93.96499633789062,388374,664.5900268554688,664.6400146484375,663.155029296875,663.9400024414062,125967,303.80999755859375,303.80999755859375,303.20001220703125,303.35009765625,184228,271.3500061035156,271.5299987792969,271.0899963378906,271.3699951171875,558837,226.6699981689453,226.6699981689453,226.27000427246094,226.58999633789062,378747
2025-12-18 19:30:00+00:00,93.97000122070312,94.08000183105469,93.91500091552734,94.01640319824219,383258,663.9299926757812,664.4299926757812,662.989990234375,663.8200073242188,148077,303.3599853515625,303.5299987792969,303.07000732421875,303.2799987792969,158700,271.3699951171875,271.3900146484375,270.6400146484375,270.75,541791,226.59500122070312,226.64999389648438,226.28500366210938,226.30999755859375,364233
2025-12-18 19:45:00+00:00,94.01499938964844,94.05989837646484,93.69000244140625,93.69499969482422,520588,663.9550170898438,664.719970703125,662.0700073242188,662.3800048828125,176792,303.32000732421875,303.7900085449219,302.92999267578125,303.0,234179,270.7300109863281,271.04998779296875,270.5,270.864990234375,760758,226.32000732421875,226.73500061035156,225.82000732421875,225.89999389648438,450429
2025-12-18 20:00:00+00:00,93.69999694824219,94.04000091552734,93.58999633789062,93.99500274658203,884022,662.47998046875,664.3198852539062,661.7719116210938,664.1849975585938,194951,303.0,303.8699951171875,302.80999755859375,303.80999755859375,245586,270.875,271.6000061035156,270.6700134277344,271.57000732421875,763539,225.89999389648438,226.6199951171875,225.75,226.5800018310547,414982
2025-12-18 20:15:00+00:00,93.98999786376953,94.01000213623047,93.82499694824219,93.94709777832031,498904,664.1500244140625,664.9299926757812,663.25,664.5399780273438,275531,303.79998779296875,304.1300048828125,303.56500244140625,303.8699951171875,251875,271.57501220703125,271.96990966796875,271.5,271.8399963378906,680950,226.57000732421875,226.77999877929688,226.38999938964844,226.76499938964844,568451
2025-12-18 20:30:00+00:00,93.94999694824219,93.98999786376953,93.83000183105469,93.93499755859375,8804763,664.47998046875,665.72998046875,664.0999755859375,665.3400268554688,222399,303.8299865722656,303.9599914550781,303.4700012207031,303.90960693359375,208746,271.8500061035156,272.6000061035156,271.7850036621094,272.5849914550781,830930,226.77000427246094,227.13999938964844,226.66000366210938,227.11000061035156,585990
2025-12-18 20:45:00+00:00,93.93499755859375,94.06999969482422,93.80000305175781,93.9800033569336,2240651,665.260009765625,666.5399780273438,663.8800048828125,664.3800048828125,913732,303.9100036621094,304.44000244140625,303.5,303.70001220703125,878555,272.55999755859375,273.20001220703125,272.1000061035156,272.1600036621094,2125836,227.11000061035156,227.30999755859375,226.69000244140625,226.75999450683594,1625529
2025-12-19 14:30:00+00:00,93.56999969482422,95.22000122070312,93.44999694824219,94.86499786376953,9383346,666.510009765625,667.77001953125,661.0999755859375,664.2650146484375,3097628,303.17999267578125,305.489990234375,302.3399963378906,305.489990234375,5486077,272.1449890136719,272.802490234375,271.57000732421875,272.63629150390625,15739748,226.7519989013672,227.4488067626953,225.5814971923828,226.89999389648438,12898589
2025-12-19 14:45:00+00:00,94.87000274658203,95.33000183105469,94.7699966430664,95.1050033569336,1160973,664.3499755859375,665.2999877929688,662.4500122070312,663.3150024414062,444132,305.5,305.75,304.20001220703125,304.3999938964844,496809,272.67999267578125,272.9200134277344,271.4547119140625,271.70001220703125,918352,227.0865936279297,227.6999053955078,226.5399932861328,227.0399932861328,1379944
2025-12-19 15:00:00+00:00,95.1050033569336,95.27999877929688,94.68000030517578,94.75910186767578,821811,663.3150024414062,664.2100219726562,660.6799926757812,660.9600219726562,423137,304.43499755859375,307.1449890136719,304.3699951171875,306.5199890136719,580689,271.69000244140625,272.17999267578125,270.95001220703125,271.8349914550781,1198386,226.97000122070312,227.4600067138672,226.60000610351562,226.7100067138672,758417
2025-12-19 15:15:00+00:00,94.76000213623047,94.94000244140625,94.38500213623047,94.47000122070312,673724,661.0399780273438,661.9998779296875,659.6199951171875,660.469970703125,411493,306.5450134277344,307.6199951171875,305.4200134277344,306.2300109863281,537777,271.8500061035156,271.9898986816406,271.260009765625,271.7349853515625,718280,226.72999572753906,226.98989868164062,226.5,226.86000061035156,631460
2025-12-19 15:30:00+00:00,94.45999908447266,94.98999786376953,94.41500091552734,94.92420196533203,722929,660.4199829101562,663.719970703125,660.1300048828125,662.9450073242188,344740,306.260009765625,307.1400146484375,305.82000732421875,306.7850036621094,305927,271.7200927734375,272.82000732421875,271.45001220703125,271.8876037597656,827199,226.8699951171875,227.22999572753906,226.55059814453125,226.97999572753906,727241
2025-12-19 15:45:00+00:00,94.92510223388672,95.05999755859375,94.83499908447266,94.93000030517578,549620,662.8499755859375,664.0499877929688,661.8400268554688,663.72998046875,242720,306.885009765625,306.8900146484375,306.239990234375,306.260009765625,248004,271.8599853515625,271.90960693359375,271.1700134277344,271.2099914550781,875994,226.97000122070312,227.11000061035156,226.6300048828125,227.02699279785156,561913
2025-12-19 16:00:00+00:00,94.93000030517578,95.33499908447266,94.87999725341797,95.22959899902344,723297,663.7999877929688,666.0499877929688,663.5,664.9669799804688,277838,306.20001220703125,307.3999938964844,306.02349853515625,306.6499938964844,273621,271.2099914550781,271.9599914550781,270.9949951171875,271.3500061035156,650792,227.00999450683594,227.97999572753906,226.92010498046875,227.75,800853
2025-12-19 16:15:00+00:00,95.2300033569336,95.30000305175781,95.08000183105469,95.19000244140625,519183,664.9550170898438,666.8499755859375,664.6900024414062,666.7100219726562,289176,306.67999267578125,307.2099914550781,306.4599914550781,306.9200134277344,200786,271.3500061035156,271.6199951171875,271.2099914550781,271.26080322265625,565561,227.73500061035156,227.91000366210938,227.4499969482422,227.85679626464844,680660
2025-12-19 16:30:00+00:00,95.18150329589844,95.30500030517578,95.12999725341797,95.15249633789062,457408,666.7100219726562,667.3421020507812,665.8900146484375,666.625,251356,306.95001220703125,307.1000061035156,306.45001220703125,306.5299987792969,195430,271.2622985839844,271.4599914550781,270.9649963378906,270.9649963378906,581646,227.8614959716797,228.34500122070312,227.8249969482422,228.19000244140625,615531
2025-12-19 16:45:00+00:00,95.1449966430664,95.19000244140625,94.94999694824219,94.95500183105469,418678,666.6699829101562,667.22998046875,666.010009765625,666.8099975585938,294884,306.5950012207031,306.94000244140625,306.1000061035156,306.31500244140625,217670,270.9800109863281,271.4200134277344,270.8450012207031,270.989990234375,605102,228.1999969482422,228.3699951171875,227.75999450683594,227.82000732421875,516809
2025-12-19 17:00:00+00:00,94.95500183105469,95.37000274658203,94.94999694824219,95.36000061035156,659293,666.7871704101562,668.1574096679688,666.72998046875,668.0499877929688,308062,306.2200012207031,307.1199951171875,306.20001220703125,306.8599853515625,216151,271.0,271.1700134277344,270.6669921875,270.69000244140625,604903,227.77000427246094,228.0500030517578,227.7100067138672,227.97000122070312,470080
2025-12-19 17:15:00+00:00,95.37000274658203,95.54000091552734,95.33999633789062,95.5250015258789,599746,668.0126953125,669.2000122070312,667.840087890625,668.0700073242188,288335,306.8299865722656,306.9200134277344,306.2749938964844,306.31500244140625,265062,270.69000244140625,270.9486083984375,270.2699890136719,270.6549987792969,837914,227.97500610351562,228.75,227.97500610351562,228.41000366210938,1143019
2025-12-19 17:30:00+00:00,95.5291976928711,95.52989959716797,95.23999786376953,95.28500366210938,490569,668.0700073242188,668.1195068359375,667.0,667.77001953125,176850,306.3299865722656,306.4399108886719,306.04998779296875,306.1199951171875,260445,270.6600036621094,271.3500061035156,270.3399963378906,271.3399963378906,762908,228.41000366210938,228.75,228.25,228.6688995361328,631223
2025-12-19 17:45:00+00:00,95.28500366210938,95.375,95.2300033569336,95.25499725341797,423116,667.8200073242188,668.469970703125,667.469970703125,668.2249755859375,224384,306.1199951171875,306.6199951171875,306.04998779296875,306.17498779296875,193550,271.3500061035156,271.6300048828125,271.04998779296875,271.4400939941406,648276,228.67999267578125,229.1199951171875,228.56500244140625,228.9149932861328,523881
2025-12-19 18:00:00+00:00,95.26000213623047,95.3499984741211,95.13999938964844,95.1500015258789,368626,668.219970703125,669.0,668.0599975585938,668.510009765625,177919,306.1000061035156,306.2699890136719,305.90008544921875,306.0199890136719,190705,271.45001220703125,271.67999267578125,270.9800109863281,271.2250061035156,1058098,228.89999389648438,229.02999877929688,228.57989501953125,228.7528076171875,462950
2025-12-19 18:15:00+00:00,95.15499877929688,95.20999908447266,94.94000244140625,94.98300170898438,395017,668.5449829101562,668.5900268554688,667.0,667.5499877929688,161471,306.0299987792969,306.0899963378906,305.4801025390625,305.635009765625,206437,271.2300109863281,271.80950927734375,270.739990234375,270.75,616332,228.75999450683594,228.8800048828125,228.6199951171875,228.66900634765625,396609
2025-12-19 18:30:00+00:00,94.9800033569336,95.02999877929688,94.81999969482422,94.8499984741211,465379,667.5900268554688,668.3699951171875,667.1400146484375,668.2349853515625,224334,305.6499938964844,305.7300109863281,305.25,305.4100036621094,280908,270.760009765625,271.07000732421875,270.3999938964844,271.0400085449219,644522,228.6708984375,228.8000030517578,228.52999877929688,228.74899291992188,793174
2025-12-19 18:45:00+00:00,94.8550033569336,94.86000061035156,94.61000061035156,94.75640106201172,528003,668.239990234375,668.5899047851562,667.8200073242188,668.10498046875,250894,305.4049987792969,306.2099914550781,305.3800048828125,305.8900146484375,261650,271.0350036621094,271.07000732421875,270.67999267578125,270.8599853515625,637994,228.74000549316406,228.75999450683594,228.47999572753906,228.6645050048828,716784
2025-12-19 19:00:00+00:00,94.76000213623047,94.88500213623047,94.67500305175781,94.74500274658203,651739,668.0800170898438,670.1599731445312,667.9299926757812,668.3099975585938,388717,305.8699951171875,305.8699951171875,305.3699951171875,305.45001220703125,229122,270.8500061035156,271.260009765625,270.55999755859375,271.2099914550781,768188,228.66810607910156,228.92999267578125,228.66810607910156,228.81500244140625,403733
2025-12-19 19:15:00+00:00,94.74500274658203,94.88999938964844,94.66000366210938,94.66500091552734,502473,668.2349853515625,668.3599853515625,666.739990234375,667.2050170898438,209179,305.468994140625,305.7749938964844,305.2049865722656,305.7550048828125,257746,271.20001220703125,271.5098876953125,271.1300048828125,271.3699951171875,494234,228.82000732421875,228.8800048828125,228.66000366210938,228.75990295410156,290535
2025-12-19 19:30:00+00:00,94.66000366210938,94.76499938964844,94.54000091552734,94.61000061035156,537154,667.280029296875,667.5,666.0499877929688,666.3800048828125,193900,305.739990234375,306.0,305.67999267578125,305.94000244140625,161813,271.3800048828125,271.6499938964844,271.3450012207031,271.489990234375,547954,228.75,228.85499572753906,228.67999267578125,228.77000427246094,324542
2025-12-19 19:45:00+00:00,94.6146011352539,94.73999786376953,94.55500030517578,94.60169982910156,512036,666.4099731445312,667.0999755859375,666.0700073242188,666.7000122070312,206327,305.9200134277344,306.04998779296875,305.6199951171875,305.7349853515625,182394,271.5,271.739990234375,271.4100036621094,271.4700012207031,540055,228.75999450683594,228.97000122070312,228.66000366210938,228.91009521484375,412712
2025-12-19 20:00:00+00:00,94.5999984741211,94.70999908447266,94.55999755859375,94.70500183105469,508224,666.6599731445312,666.9119873046875,665.0700073242188,665.4299926757812,209931,305.7200012207031,305.9800109863281,305.4543151855469,305.8309020996094,206476,271.4599914550781,271.55999755859375,271.1050109863281,271.20001220703125,739601,228.92999267578125,228.99000549316406,228.35000610351562,228.4149932861328,497739
2025-12-19 20:15:00+00:00,94.70500183105469,94.84500122070312,94.69499969482422,94.80999755859375,796009,665.3599853515625,666.89990234375,664.1400146484375,666.4118041992188,333902,305.8599853515625,305.8599853515625,305.3699951171875,305.79998779296875,331285,271.20001220703125,271.3868103027344,270.17498779296875,270.79998779296875,1280509,228.4199981689453,228.69790649414062,228.0800018310547,228.64999389648438,735176
2025-12-19 20:30:00+00:00,94.80999755859375,94.88999938964844,94.66000366210938,94.82009887695312,926488,666.4000244140625,666.4299926757812,664.9500122070312,665.25,342766,305.7699890136719,305.7749938964844,305.1400146484375,305.3900146484375,317837,270.80999755859375,271.07000732421875,270.32000732421875,270.5899963378906,1160634,228.64999389648438,229.05999755859375,228.47000122070312,228.97000122070312,759842
2025-12-19 20:45:00+00:00,94.82499694824219,95.0,94.04000091552734,94.41000366210938,3179870,665.2150268554688,669.5399780273438,658.1799926757812,658.7899780273438,2077489,305.3999938964844,308.9800109863281,305.3949890136719,308.6000061035156,2470983,270.5899963378906,274.5762939453125,269.8999938964844,273.6700134277344,7032675,228.9600067138672,229.125,226.72999572753906,227.3699951171875,4020164
