Ticker,META,META,META,META,META,AMZN,AMZN,AMZN,AMZN,AMZN,AAPL,AAPL,AAPL,AAPL,AAPL,NFLX,NFLX,NFLX,NFLX,NFLX,GOOG,GOOG,GOOG,GOOG,GOOG
Price,Open,High,Low,Close,Volume,Open,High,Low,Close,Volume,Open,High,Low,Close,Volume,Open,High,Low,Close,Volume,Open,High,Low,Close,Volume
Datetime,,,,,,,,,,,,,,,,,,,,,,,,,
2026-08-24 09:30:00-04:00,550.2000122070312,553.3800048828125,547.47998046875,547.5850219726562,1147045,259.7464904785156,262.8500061035156,259.04998779296875,261.05950927734375,3857239,311.4700012207031,312.3399963378906,309.9700012207031,311.1300048828125,2664562,79.94000244140625,80.35399627685547,79.02010345458984,79.91000366210938,2271028,340.5199890136719,344.8800048828125,339.6199951171875,343.1258850097656,1299730
2026-08-24 09:45:00-04:00,547.4500122070312,552.0800170898438,546.2999877929688,551.9000244140625,588471,261.0899963378906,262.489990234375,260.3500061035156,261.5350036621094,1986673,311.1499938964844,311.8800048828125,310.55999755859375,311.875,1332052,79.88999938964844,80.22000122070312,79.55999755859375,80.1050033569336,1024145,342.864990234375,344.8299865722656,342.6000061035156,344.77099609375,835620
2026-08-24 10:00:00-04:00,553.5,554.2797241210938,550.0999755859375,553.4019775390625,509558,261.5299987792969,263.0899963378906,260.1474914550781,261.33990478515625,1547049,311.8500061035156,312.94000244140625,311.7001037597656,312.2300109863281,1505235,80.12000274658203,80.32630157470703,80.04789733886719,80.21499633789062,723059,344.80499267578125,345.7799987792969,344.1199951171875,345.30999755859375,709955
2026-08-24 10:15:00-04:00,553.3200073242188,553.489990234375,551.1300048828125,551.8699951171875,403058,261.2950134277344,261.57989501953125,260.489990234375,261.4100036621094,1061046,312.2099914550781,313.19989013671875,312.1099853515625,312.94000244140625,1104612,80.21170043945312,80.38999938964844,80.19000244140625,80.30999755859375,653349,345.3299865722656,346.0199890136719,344.80999755859375,345.3949890136719,537560
2026-08-24 10:30:00-04:00,551.719970703125,552.4600219726562,549.6599731445312,552.2000122070312,367554,261.42498779296875,262.8299865722656,261.239990234375,262.06500244140625,858512,312.92999267578125,313.3299865722656,312.80999755859375,313.1000061035156,770555,80.30000305175781,80.33000183105469,79.91999816894531,80.00499725341797,501379,345.3999938964844,346.4635925292969,344.8800048828125,346.31500244140625,467653
2026-08-24 10:45:00-04:00,552.2349853515625,553.9500122070312,552.0700073242188,553.10498046875,431901,262.1199951171875,262.6499938964844,261.760009765625,261.8500061035156,731895,313.1099853515625,313.2699890136719,312.5,312.9700012207031,1333467,80.01000213623047,80.08000183105469,79.75,80.01499938964844,580280,346.3800048828125,346.94000244140625,346.0799865722656,346.2200012207031,438654
2026-08-24 11:00:00-04:00,552.97998046875,554.9600219726562,552.1099853515625,553.1199951171875,256770,261.8500061035156,262.1700134277344,261.4200134277344,261.54010009765625,558296,312.9750061035156,313.1600036621094,311.5299987792969,311.8800964355469,1071239,80.01499938964844,80.19000244140625,79.94999694824219,80.02069854736328,494016,346.2239074707031,346.989990234375,345.30999755859375,346.25,382276
2026-08-24 11:15:00-04:00,553.0700073242188,556.5399780273438,552.9500122070312,556.0900268554688,368689,261.55999755859375,262.67999267578125,261.4100036621094,262.6600036621094,744557,311.8800048828125,312.45001220703125,311.6650085449219,312.239990234375,1183463,80.01000213623047,80.22989654541016,80.0,80.19000244140625,471570,346.2900085449219,347.55999755859375,346.1099853515625,347.4100036621094,339099
2026-08-24 11:30:00-04:00,556.1649780273438,557.5,555.0,556.3099975585938,493909,262.6400146484375,263.0,262.1700134277344,262.54998779296875,785998,312.239990234375,312.3900146484375,311.7001037597656,312.239990234375,584144,80.18000030517578,80.22879791259766,80.08000183105469,80.1449966430664,562683,347.3800048828125,348.0150146484375,347.05999755859375,347.69000244140625,369553
2026-08-24 11:45:00-04:00,556.1799926757812,556.239990234375,554.719970703125,555.510009765625,258357,262.5400085449219,262.9399108886719,262.3999938964844,262.5799865722656,648022,312.25,312.2950134277344,311.5799865722656,311.69970703125,513055,80.12010192871094,80.29000091552734,80.05000305175781,80.11000061035156,483111,347.69000244140625,348.0799865722656,347.0199890136719,347.3450012207031,338869
2026-08-24 12:00:00-04:00,555.6199951171875,556.5899047851562,555.25,555.5399780273438,299922,262.5350036621094,263.32000732421875,262.4949951171875,262.6744079589844,585374,311.67999267578125,311.8800048828125,311.3399963378906,311.4200134277344,396957,80.11000061035156,80.22709655761719,80.06999969482422,80.08000183105469,327988,347.32000732421875,347.67999267578125,347.04010009765625,347.17999267578125,225743
2026-08-24 12:15:00-04:00,555.5654296875,555.8900146484375,554.9000244140625,555.4591064453125,252880,262.67999267578125,262.9649963378906,262.2799987792969,262.7449951171875,460663,311.4200134277344,312.0199890136719,311.3999938964844,311.9285888671875,465697,80.02999877929688,80.30000305175781,80.0,80.2300033569336,426502,347.17999267578125,347.68499755859375,347.1650085449219,347.57000732421875,229705
2026-08-24 12:30:00-04:00,555.4149780273438,555.739990234375,554.7005004882812,555.4299926757812,157189,262.760009765625,263.2900085449219,262.5799865722656,263.1300048828125,485602,311.9100036621094,312.3299865722656,311.8599853515625,312.25,482806,80.2300033569336,80.25,80.13999938964844,80.19999694824219,342038,347.5000915527344,347.79998779296875,347.2850036621094,347.5199890136719,238644
2026-08-24 12:45:00-04:00,555.4299926757812,558.139892578125,555.4061889648438,557.6943969726562,441615,263.1400146484375,263.2300109863281,262.8900146484375,263.010009765625,445079,312.2699890136719,313.3599853515625,312.19000244140625,312.94000244140625,763836,80.20500183105469,80.38500213623047,80.18000030517578,80.38500213623047,326785,347.4800109863281,347.8500061035156,347.260009765625,347.4800109863281,217082
2026-08-24 13:00:00-04:00,557.760009765625,558.9500122070312,556.8405151367188,558.8900146484375,350962,263.01971435546875,263.2699890136719,262.3200988769531,262.4020080566406,447041,312.94000244140625,312.94000244140625,312.1600036621094,312.4898986816406,502348,80.39990234375,80.44000244140625,80.26000213623047,80.34500122070312,403602,347.5199890136719,347.6400146484375,346.1199951171875,346.2699890136719,336266
2026-08-24 13:15:00-04:00,558.864990234375,558.989990234375,557.0499877929688,557.719970703125,318850,262.30499267578125,262.4700012207031,261.8429870605469,261.8999938964844,516669,312.4800109863281,312.4898986816406,311.8699951171875,312.1199035644531,445300,80.3499984741211,80.55999755859375,80.31999969482422,80.47000122070312,583729,346.29998779296875,346.3299865722656,345.7250061035156,345.8500061035156,179638
2026-08-24 13:30:00-04:00,557.6699829101562,558.72998046875,557.2401123046875,557.6400146484375,232890,261.8900146484375,262.0299987792969,261.5,261.889892578125,492098,312.1189880371094,312.3500061035156,311.70001220703125,311.85150146484375,431213,80.46990203857422,80.58999633789062,80.44999694824219,80.51000213623047,493299,345.8599853515625,346.0,345.4599914550781,345.4700012207031,455272
2026-08-24 13:45:00-04:00,557.64501953125,557.8499755859375,556.0,556.0999755859375,352332,261.8900146484375,262.30999755859375,261.8800964355469,262.0303039550781,477129,311.9049987792969,312.2900085449219,311.7300109863281,312.0101013183594,493479,80.48500061035156,80.62000274658203,80.46499633789062,80.52999877929688,540744,345.4599914550781,345.5589904785156,344.9100036621094,344.989990234375,234132
2026-08-24 14:00:00-04:00,556.1099853515625,559.3150024414062,556.1099853515625,559.2999877929688,244668,262.07000732421875,262.760009765625,262.05999755859375,262.6499938964844,419225,312.0199890136719,312.1099853515625,311.5,311.7250061035156,494549,80.53040313720703,80.58999633789062,80.43000030517578,80.51499938964844,634490,345.0400085449219,345.7099914550781,344.9700012207031,345.54998779296875,234504
2026-08-24 14:15:00-04:00,559.27001953125,560.9000244140625,558.4000854492188,560.1849975585938,442480,262.67498779296875,263.0400085449219,262.6549987792969,262.7900085449219,407232,311.7099914550781,311.8900146484375,311.6109924316406,311.739990234375,549448,80.51499938964844,80.58499908447266,80.44000244140625,80.5199966430664,471868,345.5799865722656,345.6600036621094,345.20001220703125,345.6099853515625,200390
2026-08-24 14:30:00-04:00,560.25,560.9500122070312,559.9349975585938,560.6099853515625,348617,262.8299865722656,263.0,262.30999755859375,262.44000244140625,443506,311.7200012207031,311.8399963378906,310.7200012207031,310.93499755859375,608810,80.52999877929688,80.54000091552734,80.33999633789062,80.38009643554688,454368,345.6400146484375,345.7900085449219,344.8301086425781,344.9200134277344,200908
2026-08-24 14:45:00-04:00,560.6099853515625,560.7899780273438,560.0800170898438,560.0850219726562,265677,262.44000244140625,262.45001220703125,261.77801513671875,261.82000732421875,527252,310.95001220703125,311.7900085449219,310.92999267578125,311.5899963378906,555965,80.38500213623047,80.48590087890625,80.37000274658203,80.3949966430664,491414,344.9150085449219,345.3699951171875,344.6400146484375,345.1600036621094,207885
2026-08-24 15:00:00-04:00,560.0599975585938,560.4500122070312,559.2100219726562,560.27001953125,302804,261.80499267578125,262.07000732421875,261.6499938964844,261.9700012207031,463711,311.57000732421875,311.65570068359375,311.0199890136719,311.2200012207031,487176,80.3949966430664,80.47000122070312,80.33999633789062,80.44499969482422,372757,345.11700439453125,345.7049865722656,345.05999755859375,345.2850036621094,185298
2026-08-24 15:15:00-04:00,560.2899780273438,560.4998779296875,558.7899780273438,559.6699829101562,353082,262.0,262.1700134277344,261.739990234375,262.07000732421875,504462,311.2200012207031,311.57000732421875,311.127197265625,311.25,536793,80.44000244140625,80.44000244140625,80.19000244140625,80.33499908447266,599580,345.2799987792969,345.6499938964844,344.8900146484375,345.5150146484375,230356
2026-08-24 15:30:00-04:00,559.6950073242188,560.1099853515625,559.2501220703125,559.6799926757812,633650,262.1000061035156,262.3599853515625,261.75,262.2900085449219,564417,311.2300109863281,311.2799072265625,310.6700134277344,310.67999267578125,806640,80.33999633789062,80.34500122070312,80.1500015258789,80.15989685058594,641452,345.5400085449219,345.7668151855469,345.2699890136719,345.7200012207031,297691
2026-08-24 15:45:00-04:00,559.739990234375,561.4199829101562,558.9901123046875,559.1400146484375,1162136,262.239990234375,262.6099853515625,262.0,262.0303955078125,1884107,310.67999267578125,311.010009765625,310.1719970703125,310.3500061035156,2537586,80.12000274658203,80.48989868164062,80.0,80.01000213623047,2244856,345.69000244140625,345.7900085449219,344.1499938964844,344.6000061035156,1244510
2026-08-25 09:30:00-04:00,563.75,568.6400146484375,563.2999877929688,567.2935791015625,1210645,262.6000061035156,263.87188720703125,261.760009765625,262.6400146484375,2040047,310.93499755859375,313.5799865722656,310.25,310.5050048828125,2478475,79.6500015258789,81.4800033569336,79.4000015258789,81.38999938964844,2563704,345.6619873046875,346.70001220703125,344.1700134277344,345.85101318359375,992731
2026-08-25 09:45:00-04:00,567.3681030273438,567.989990234375,564.5,565.3499755859375,346156,262.6400146484375,262.80999755859375,261.6199951171875,262.0,1058321,310.5050048828125,311.44500732421875,310.0400085449219,310.44000244140625,1139567,81.38999938964844,81.50499725341797,80.87000274658203,81.13500213623047,1222008,345.8399963378906,346.04998779296875,344.32501220703125,344.54998779296875,408605
2026-08-25 10:00:00-04:00,565.260009765625,565.44482421875,562.4000854492188,563.97998046875,325923,261.92999267578125,262.0249938964844,260.70050048828125,260.8999938964844,982810,310.4599914550781,310.75,309.6499938964844,310.0950927734375,1102635,81.06500244140625,81.21880340576172,80.9000015258789,81.08999633789062,758219,344.5950012207031,344.92999267578125,343.75,344.840087890625,450885
2026-08-25 10:15:00-04:00,564.0650024414062,564.5399780273438,562.2000122070312,563.0534057617188,262979,260.8999938964844,261.19000244140625,260.2799987792969,260.9599914550781,1085901,310.0899963378906,310.7236022949219,309.9200134277344,310.0849914550781,623564,81.12000274658203,81.62000274658203,81.08000183105469,81.56999969482422,924280,344.8851013183594,345.05999755859375,342.9549865722656,343.2200012207031,401244
2026-08-25 10:30:00-04:00,562.9400024414062,565.6199951171875,561.8200073242188,564.9000244140625,377973,260.9599914550781,261.43499755859375,260.4100036621094,261.0899963378906,780122,310.0799865722656,310.7900085449219,309.6099853515625,309.8568115234375,809894,81.58000183105469,81.7249984741211,81.33090209960938,81.47000122070312,911564,343.20001220703125,343.8450012207031,342.5199890136719,343.3450012207031,353773
2026-08-25 10:45:00-04:00,564.8699951171875,565.8699951171875,564.0,564.1599731445312,174763,261.07000732421875,261.20001220703125,260.52490234375,260.8804016113281,482614,309.8450012207031,309.9700012207031,309.037109375,309.0899963378906,798974,81.47000122070312,81.5250015258789,80.94000244140625,81.03500366210938,615093,343.30999755859375,343.6449890136719,342.6600036621094,342.69000244140625,261367
2026-08-25 11:00:00-04:00,564.0599975585938,564.27001953125,561.4000854492188,563.0,240531,260.885009765625,261.0899963378906,260.45001220703125,261.0589904785156,503051,309.0899963378906,309.4200134277344,308.3900146484375,309.4200134277344,859553,81.03500366210938,81.33999633789062,81.03500366210938,81.31999969482422,562831,342.67999267578125,342.96990966796875,342.1449890136719,342.7300109863281,262897
2026-08-25 11:15:00-04:00,562.844970703125,563.739990234375,562.4600219726562,563.39501953125,187690,261.07000732421875,261.1000061035156,260.3399963378906,260.5400085449219,611474,309.3999938964844,309.489990234375,308.8699951171875,309.3100891113281,457914,81.33000183105469,81.66999816894531,81.31500244140625,81.63500213623047,1382832,342.7250061035156,343.07000732421875,342.3644104003906,342.9800109863281,230404
2026-08-25 11:30:00-04:00,563.384521484375,566.219970703125,563.1199951171875,565.9000244140625,315521,260.54998779296875,260.9200134277344,260.2799987792969,260.7900085449219,556231,309.30999755859375,309.8500061035156,309.25,309.7749938964844,626819,81.63999938964844,81.9800033569336,81.58999633789062,81.91010284423828,967134,342.9100036621094,343.6000061035156,342.56500244140625,343.375,352076
2026-08-25 11:45:00-04:00,565.8099975585938,566.25,564.8082275390625,565.56787109375,195855,260.8080139160156,261.30999755859375,260.3900146484375,261.04998779296875,599832,309.760009765625,309.8299865722656,309.2200012207031,309.6000061035156,477887,81.90869903564453,81.97000122070312,81.66999816894531,81.70999908447266,597426,343.3999938964844,343.4200134277344,342.71820068359375,343.20001220703125,225141
2026-08-25 12:00:00-04:00,565.5001220703125,565.72998046875,564.6900024414062,565.0,164267,261.05999755859375,261.260009765625,260.6300048828125,260.739990234375,376777,309.5899963378906,309.7200012207031,309.30499267578125,309.5299987792969,351451,81.71499633789062,81.9800033569336,81.66000366210938,81.97000122070312,650435,343.19500732421875,343.5899963378906,343.05999755859375,343.30999755859375,155735
2026-08-25 12:15:00-04:00,565.1300048828125,566.2100219726562,564.739990234375,565.77001953125,139157,260.760009765625,260.9700012207031,260.55999755859375,260.8900146484375,352543,309.5450134277344,310.19000244140625,309.45001220703125,309.9549865722656,450794,81.95999908447266,82.18499755859375,81.83999633789062,82.16999816894531,1195445,343.29998779296875,343.510009765625,343.125,343.3399963378906,130335
2026-08-25 12:30:00-04:00,565.739990234375,566.969970703125,564.0,565.4099731445312,197695,260.8900146484375,261.3900146484375,260.4700012207031,260.5199890136719,356845,309.95001220703125,310.0400085449219,309.5,309.78729248046875,384985,82.16999816894531,82.29000091552734,82.13999938964844,82.26499938964844,541223,343.3450012207031,343.5799865722656,343.0199890136719,343.1199951171875,137957
2026-08-25 12:45:00-04:00,565.4099731445312,567.5250244140625,565.4099731445312,567.364990234375,189274,260.55999755859375,261.04901123046875,260.4903869628906,261.0199890136719,385460,309.7900085449219,310.1000061035156,309.5899963378906,310.0350036621094,303518,82.26599884033203,82.32499694824219,82.20999908447266,82.22000122070312,712899,343.1499938964844,344.0799865722656,342.95001220703125,344.0199890136719,188978
2026-08-25 13:00:00-04:00,567.4359130859375,567.47998046875,565.6199951171875,566.260009765625,168857,261.0299987792969,261.0299987792969,260.57000732421875,260.70001220703125,290142,310.0350036621094,310.0400085449219,309.5899963378906,309.8200988769531,323409,82.2249984741211,82.2300033569336,82.05000305175781,82.16000366210938,633806,344.0249938964844,344.2200012207031,343.510009765625,343.77508544921875,164423
2026-08-25 13:15:00-04:00,566.239990234375,566.4299926757812,565.127197265625,565.3200073242188,141909,260.6700134277344,260.875,260.1199951171875,260.239990234375,371625,309.8299865722656,310.010009765625,309.5801086425781,309.6549987792969,320679,82.15499877929688,82.22000122070312,82.05999755859375,82.15989685058594,510526,343.7650146484375,343.8800048828125,343.0400085449219,343.1499938964844,164395
2026-08-25 13:30:00-04:00,565.3419189453125,565.8800048828125,564.5,564.5999755859375,143299,260.25,260.44000244140625,260.0799865722656,260.26800537109375,386044,309.6549987792969,309.8299865722656,309.5199890136719,309.69000244140625,341115,82.1500015258789,82.18499755859375,81.97000122070312,82.16999816894531,638676,343.17999267578125,343.44000244140625,343.1700134277344,343.2900085449219,103995
2026-08-25 13:45:00-04:00,564.5800170898438,565.5150146484375,563.8699951171875,565.280029296875,155084,260.32000732421875,260.6000061035156,260.2650146484375,260.4849853515625,279533,309.69000244140625,309.80999755859375,309.30999755859375,309.4649963378906,675564,82.16999816894531,82.2699966430664,82.0,82.00499725341797,615331,343.2900085449219,343.9800109863281,343.17999267578125,343.82940673828125,178169
2026-08-25 14:00:00-04:00,565.280029296875,565.9600219726562,559.02001953125,565.010009765625,157420,260.4849853515625,262.07000732421875,260.3599853515625,260.5,411310,309.4700012207031,310.3399963378906,308.6099853515625,309.2850036621094,560667,82.0,82.07499694824219,80.01000213623047,82.006103515625,775037,343.8100891113281,344.5899963378906,342.57000732421875,342.62921142578125,204327
2026-08-25 14:15:00-04:00,565.0800170898438,565.27001953125,564.3519287109375,565.0336303710938,113310,260.5,260.5299987792969,259.8299865722656,260.1000061035156,1186805,309.2799987792969,309.7200012207031,309.20001220703125,309.5400085449219,880500,82.01499938964844,82.05000305175781,81.8949966430664,81.95999908447266,991574,342.6099853515625,342.8500061035156,342.3500061035156,342.739990234375,182116
2026-08-25 14:30:00-04:00,565.2899169921875,565.4400024414062,564.7100219726562,565.3499755859375,403456,260.1050109863281,260.53851318359375,260.0,260.44500732421875,419127,309.55499267578125,309.6099853515625,309.0400085449219,309.19500732421875,397632,81.95500183105469,82.07499694824219,81.91010284423828,82.02999877929688,612490,342.7550048828125,342.989990234375,342.510009765625,342.94000244140625,565001
2026-08-25 14:45:00-04:00,565.3599853515625,566.6099853515625,565.3049926757812,566.4550170898438,163553,260.4700012207031,260.7200012207031,260.4700012207031,260.67999267578125,399787,309.19000244140625,309.29998779296875,308.4150085449219,308.5799865722656,600120,82.0250015258789,82.23999786376953,81.83499908447266,82.23500061035156,843293,342.9800109863281,343.1199951171875,342.5400085449219,342.67999267578125,245478
2026-08-25 15:00:00-04:00,566.4210815429688,566.8599853515625,565.6956787109375,565.8900756835938,131968,260.67010498046875,260.889892578125,260.010009765625,260.0950012207031,465067,308.5799865722656,308.7749938964844,308.2099914550781,308.69000244140625,655233,82.23500061035156,82.31999969482422,82.2300033569336,82.28500366210938,568767,342.6650085449219,343.14990234375,342.6650085449219,342.8800048828125,314883
2026-08-25 15:15:00-04:00,565.9100952148438,566.5,565.5399780273438,566.3400268554688,140971,260.1098937988281,260.2699890136719,259.8699951171875,260.1199951171875,569018,308.69000244140625,309.3951110839844,308.69000244140625,308.9700927734375,556371,82.25499725341797,82.29000091552734,82.16999816894531,82.20999908447266,613317,342.9200134277344,343.260009765625,342.80999755859375,343.20001220703125,216041
2026-08-25 15:30:00-04:00,566.3848266601562,570.7999877929688,566.3800048828125,569.9299926757812,668970,260.1300048828125,260.7900085449219,260.1050109863281,260.69500732421875,656792,308.9700927734375,309.07000732421875,308.6199951171875,308.9599914550781,600003,82.19999694824219,82.42669677734375,82.10009765625,82.3949966430664,946855,343.185791015625,343.6700134277344,343.185791015625,343.3999938964844,251202
2026-08-25 15:45:00-04:00,569.9299926757812,570.6099853515625,568.3699951171875,569.864990234375,1092200,260.67999267578125,261.3323974609375,260.32501220703125,260.9700012207031,1972892,308.9599914550781,310.29998779296875,308.80999755859375,309.8299865722656,2246816,82.38999938964844,82.45500183105469,82.16500091552734,82.25499725341797,2852136,343.3999938964844,344.0899963378906,342.92999267578125,343.3500061035156,1051513
2026-08-26 09:30:00-04:00,590.4375,593.27001953125,561.9450073242188,564.2999877929688,8618127,260.7200012207031,262.04998779296875,259.375,260.7900085449219,1977414,310.2449951171875,311.67999267578125,308.80010986328125,311.4100036621094,2032995,81.875,82.41999816894531,81.54000091552734,81.81050109863281,3227948,343.1449890136719,343.19110107421875,339.3599853515625,340.6199951171875,1271705
2026-08-26 09:45:00-04:00,564.2899780273438,572.7999877929688,563.2100219726562,572.4000244140625,2378474,260.7900085449219,260.9800109863281,260.20001220703125,260.8949890136719,737905,311.3900146484375,312.70001220703125,311.05999755859375,312.5,1372544,81.80999755859375,81.9000015258789,81.29499816894531,81.43000030517578,1662922,340.677001953125,341.139892578125,339.6600036621094,340.19000244140625,775456
2026-08-26 10:00:00-04:00,572.385009765625,575.9600219726562,567.1472778320312,567.7249755859375,1775256,260.8450012207031,261.2200012207031,260.25,260.2699890136719,658105,312.4599914550781,313.4198913574219,311.6499938964844,312.8349914550781,1277074,81.44000244140625,81.97000122070312,81.36000061035156,81.81999969482422,1090527,340.20001220703125,340.3800048828125,338.010009765625,338.0350036621094,665621
2026-08-26 10:15:00-04:00,567.8200073242188,574.1400146484375,564.3101196289062,574.0924072265625,1474343,260.2699890136719,260.3699951171875,258.8800048828125,259.05999755859375,924599,312.8301086425781,313.2799987792969,311.7799987792969,311.7950134277344,932192,81.83000183105469,82.22000122070312,81.80500030517578,82.125,652208,338.0199890136719,338.760009765625,337.7843017578125,338.6099853515625,717403
2026-08-26 10:30:00-04:00,574.0750122070312,576.9400024414062,570.75,576.7100219726562,1047305,259.05999755859375,259.70989990234375,258.7799987792969,259.3599853515625,785293,311.7900085449219,312.57000732421875,311.6600036621094,312.4849853515625,702798,82.12000274658203,82.19999694824219,81.86000061035156,81.91999816894531,697405,338.5899963378906,339.05999755859375,337.7699890136719,338.43499755859375,426652
2026-08-26 10:45:00-04:00,576.739990234375,587.4600219726562,576.530029296875,584.8900146484375,2359678,259.3500061035156,260.4920959472656,259.2101135253906,260.2950134277344,521127,312.2900085449219,312.864990234375,312.0745849609375,312.79998779296875,568773,81.91000366210938,82.02999877929688,81.9000015258789,81.91999816894531,460716,338.44500732421875,339.55999755859375,338.3599853515625,339.42999267578125,396331
2026-08-26 11:00:00-04:00,584.8900146484375,588.760009765625,583.4401245117188,585.219970703125,1841360,260.32000732421875,261.1199951171875,260.1400146484375,260.99200439453125,524342,312.82501220703125,313.45001220703125,312.4599914550781,313.05499267578125,1142945,81.92500305175781,81.92510223388672,81.71499633789062,81.79000091552734,575966,339.4100036621094,339.8500061035156,339.29998779296875,339.6449890136719,339168
2026-08-26 11:15:00-04:00,585.2200927734375,585.7454833984375,581.510009765625,582.6199951171875,930164,261.0,261.0,259.92999267578125,260.1659851074219,779908,313.0400085449219,313.20001220703125,312.5011901855469,312.5199890136719,587104,81.79000091552734,81.8499984741211,81.58000183105469,81.81999969482422,969647,339.6300048828125,339.79998779296875,339.1400146484375,339.4501037597656,403144
2026-08-26 11:30:00-04:00,582.5,582.8400268554688,578.8300170898438,579.239990234375,880080,260.17498779296875,260.2900085449219,259.33050537109375,259.4549865722656,646027,312.5199890136719,313.489990234375,312.17999267578125,313.44000244140625,737939,81.81909942626953,81.83499908447266,81.5999984741211,81.68000030517578,465264,339.4504089355469,339.4508056640625,338.3909912109375,338.80999755859375,371137
2026-08-26 11:45:00-04:00,579.260009765625,582.2999877929688,575.1500244140625,576.0900268554688,839294,259.44500732421875,259.56500244140625,258.6000061035156,258.6400146484375,496648,313.44500732421875,313.6199951171875,312.8399963378906,312.94000244140625,575872,81.67500305175781,81.70999908447266,81.58999633789062,81.6500015258789,362826,338.79998779296875,339.3739929199219,338.1000061035156,338.1099853515625,320335
2026-08-26 12:00:00-04:00,576.0,579.1599731445312,574.27001953125,577.6849975585938,616967,258.6199951171875,258.82000732421875,258.3500061035156,258.6400146484375,499370,312.8999938964844,313.94000244140625,312.3699951171875,313.4100036621094,814436,81.65499877929688,81.7300033569336,81.45999908447266,81.50499725341797,550817,338.1300048828125,338.5,337.8500061035156,338.2250061035156,254799
2026-08-26 12:15:00-04:00,577.6849975585938,577.9299926757812,575.510009765625,576.7550048828125,449503,258.6400146484375,258.7200012207031,258.3800048828125,258.5069885253906,436922,313.4100036621094,313.6050109863281,313.1448059082031,313.2947082519531,459304,81.50499725341797,81.58000183105469,81.44999694824219,81.51000213623047,460429,338.2250061035156,338.2799072265625,337.3399963378906,337.42999267578125,312635
2026-08-26 12:30:00-04:00,576.6849975585938,577.9000244140625,575.3800048828125,575.8900146484375,300344,258.4800109863281,258.7850036621094,258.239990234375,258.2650146484375,331623,313.30499267578125,313.4800109863281,312.5,312.7300109863281,444296,81.51000213623047,81.70999908447266,81.48999786376953,81.5199966430664,466978,337.45001220703125,337.489990234375,337.010009765625,337.0950012207031,323903
2026-08-26 12:45:00-04:00,575.9998779296875,576.77001953125,574.7999877929688,575.6685791015625,400813,258.2799987792969,258.81500244140625,258.2799987792969,258.739990234375,645075,312.7099914550781,313.19000244140625,312.625,313.0299987792969,520079,81.5199966430664,81.6500015258789,81.44999694824219,81.6050033569336,515431,337.0799865722656,337.80999755859375,337.04998779296875,337.6000061035156,382638
2026-08-26 13:00:00-04:00,575.780029296875,576.7899780273438,574.7719116210938,576.2369995117188,314670,258.7300109863281,258.95001220703125,258.69000244140625,258.739990234375,326949,313.0249938964844,313.1000061035156,312.5299987792969,312.6000061035156,477036,81.6050033569336,81.63500213623047,81.5199966430664,81.58499908447266,438251,337.55999755859375,338.30999755859375,337.4800109863281,338.0799865722656,282062
2026-08-26 13:15:00-04:00,576.2994995117188,579.1599731445312,576.130126953125,578.2947998046875,483237,258.739990234375,259.3800048828125,258.70001220703125,259.32000732421875,418183,312.6099853515625,313.2699890136719,312.6099853515625,313.1300048828125,472438,81.6050033569336,81.83499908447266,81.59500122070312,81.79019927978516,290156,338.0649108886719,338.4800109863281,338.0,338.1199951171875,254060
2026-08-26 13:30:00-04:00,578.3150024414062,578.8099975585938,577.0,578.3944091796875,433889,259.3399963378906,259.3399963378906,258.4800109863281,258.4800109863281,427312,313.1549987792969,313.25,312.65008544921875,312.7850036621094,365022,81.78500366210938,81.93000030517578,81.7699966430664,81.90499877929688,407739,338.1449890136719,338.54998779296875,338.1099853515625,338.3999938964844,190548
2026-08-26 13:45:00-04:00,578.2999877929688,578.9000244140625,577.6500244140625,578.1900024414062,298339,258.4750061035156,258.75,258.45001220703125,258.6549987792969,442736,312.79998779296875,313.1199035644531,312.70001220703125,312.94000244140625,14476378,81.90499877929688,81.90579986572266,81.75,81.81400299072266,386844,338.4049987792969,338.5899963378906,338.2300109863281,338.4150085449219,214594
2026-08-26 14:00:00-04:00,578.27001953125,579.0800170898438,576.4099731445312,576.8280029296875,304959,258.6700134277344,259.0899963378906,258.6600036621094,258.9158020019531,469976,312.95001220703125,313.1700134277344,312.80999755859375,312.81781005859375,904299,81.81500244140625,81.86000061035156,81.75499725341797,81.7750015258789,383112,338.3999938964844,338.7880859375,338.260009765625,338.2799987792969,199490
2026-08-26 14:15:00-04:00,576.8400268554688,578.7999877929688,576.5501098632812,577.8049926757812,386632,258.9200134277344,259.0799865722656,258.78021240234375,258.80999755859375,379749,312.80999755859375,313.17999267578125,312.7300109863281,313.0498962402344,239814,81.7750015258789,81.95500183105469,81.7300033569336,81.8550033569336,387799,338.32501220703125,338.67999267578125,338.2799987792969,338.3999938964844,202062
2026-08-26 14:30:00-04:00,577.8049926757812,579.5499877929688,577.7650146484375,579.5300903320312,338747,258.7950134277344,259.05999755859375,258.7799987792969,259.03399658203125,308112,313.0299987792969,313.69000244140625,312.95001220703125,313.68499755859375,524524,81.8550033569336,81.92500305175781,81.70999908447266,81.72730255126953,390968,338.3999938964844,338.4849853515625,338.17999267578125,338.42999267578125,219245
2026-08-26 14:45:00-04:00,579.5349731445312,580.9235229492188,578.75,578.8250122070312,541099,259.03009033203125,259.3550109863281,258.95001220703125,259.30499267578125,599016,313.68499755859375,315.1000061035156,313.6700134277344,314.56500244140625,1472319,81.7300033569336,81.91000366210938,81.69999694824219,81.9000015258789,361186,338.44000244140625,338.8500061035156,338.3999938964844,338.7099914550781,238227
2026-08-26 15:00:00-04:00,578.75,580.8400268554688,577.7899780273438,577.9437866210938,421940,259.29998779296875,260.3699951171875,259.2799987792969,260.0899963378906,651669,314.57000732421875,315.25,314.44000244140625,315.07000732421875,889235,81.9000015258789,81.93000030517578,81.79499816894531,81.80000305175781,316786,338.71990966796875,339.0249938964844,338.6300048828125,338.7300109863281,307642
2026-08-26 15:15:00-04:00,577.9400024414062,578.1900024414062,576.8099975585938,577.021728515625,362135,260.07000732421875,260.3699951171875,259.79998779296875,259.8299865722656,615421,315.05999755859375,315.2300109863281,314.8399963378906,314.8446044921875,963966,81.79000091552734,81.93499755859375,81.7249984741211,81.7249984741211,506111,338.7200012207031,338.89990234375,338.3999938964844,338.45989990234375,626685
2026-08-26 15:30:00-04:00,577.0,577.7899780273438,575.8099975585938,576.5449829101562,521991,259.8299865722656,260.32000732421875,259.7699890136719,260.32000732421875,573099,314.8599853515625,315.42999267578125,314.67999267578125,315.239990234375,1287751,81.7249984741211,81.87000274658203,81.71009826660156,81.78500366210938,639005,338.43499755859375,339.3299865722656,338.42999267578125,339.2406005859375,455379
2026-08-26 15:45:00-04:00,576.5900268554688,578.6500244140625,575.8800048828125,576.1099853515625,1211197,260.2900085449219,260.75,259.989990234375,260.2799987792969,1879366,315.25,315.3699951171875,313.19000244140625,313.489990234375,3097569,81.77999877929688,81.81999969482422,81.31500244140625,81.45999908447266,2055416,339.2550048828125,339.5299987792969,338.29998779296875,339.07501220703125,1081559
2026-08-27 09:30:00-04:00,576.47998046875,577.4000244140625,567.6199951171875,577.2999877929688,1707679,259.2300109863281,259.6600036621094,255.5800018310547,257.80999755859375,3884471,311.989990234375,312.0350036621094,309.40008544921875,310.81500244140625,3330425,81.06999969482422,81.1500015258789,79.29000091552734,79.72000122070312,3235798,336.3219909667969,338.25,335.3999938964844,337.80999755859375,1488187
2026-08-27 09:45:00-04:00,577.2999877929688,583.0499877929688,576.75,582.4299926757812,1243622,257.8450012207031,258.6000061035156,256.760009765625,257.4801940917969,1618438,310.8299865722656,312.10198974609375,310.82000732421875,311.6199951171875,1104615,79.72000122070312,80.16000366210938,79.43000030517578,79.5947036743164,1277988,337.82000732421875,338.69000244140625,336.9200134277344,337.3900146484375,557415
2026-08-27 10:00:00-04:00,582.4299926757812,588.3900146484375,580.6400146484375,583.594970703125,1157831,257.3299865722656,257.6300048828125,256.6099853515625,257.3999938964844,1490072,311.5799865722656,311.9898986816406,310.1700134277344,310.2200012207031,1250989,79.58000183105469,79.91999816894531,79.42500305175781,79.71499633789062,1163150,337.30999755859375,337.7298889160156,336.6105041503906,336.9468078613281,560416
2026-08-27 10:15:00-04:00,583.625,584.77001953125,578.2642211914062,578.3400268554688,667548,257.3901062011719,257.7298889160156,256.7500915527344,257.125,1125317,310.2300109863281,310.9100036621094,309.6300048828125,310.7921142578125,1563301,79.70999908447266,79.9385986328125,79.61000061035156,79.7300033569336,715209,337.0199890136719,337.2598876953125,336.3500061035156,337.0,375139
2026-08-27 10:30:00-04:00,578.3400268554688,578.739990234375,571.1123046875,572.2796020507812,860281,257.125,257.2799987792969,256.55999755859375,256.7300109863281,1398867,310.79998779296875,313.5299987792969,310.6300048828125,312.8949890136719,1494616,79.72000122070312,79.8499984741211,79.5250015258789,79.56999969482422,922678,336.9649963378906,337.0799865722656,336.1199951171875,336.41009521484375,330425
2026-08-27 10:45:00-04:00,572.22998046875,574.4899291992188,570.5,573.6099853515625,689876,256.7300109863281,257.1000061035156,256.54998779296875,256.7799987792969,1077008,312.8800048828125,313.7799987792969,312.65008544921875,313.3999938964844,754323,79.55999755859375,79.56999969482422,79.30000305175781,79.54049682617188,852272,336.4100036621094,338.1282043457031,336.3599853515625,337.9649963378906,349290
2026-08-27 11:00:00-04:00,573.7899780273438,573.8900146484375,570.9000244140625,572.2999877929688,396282,256.8299865722656,257.3500061035156,256.54998779296875,257.2546081542969,1152631,313.4200134277344,314.7300109863281,313.4200134277344,314.7297058105469,964688,79.55000305175781,79.82990264892578,79.47000122070312,79.75499725341797,653451,337.95001220703125,338.1299133300781,336.79998779296875,337.82000732421875,348991
2026-08-27 11:15:00-04:00,572.27490234375,573.1798706054688,570.6300048828125,571.4849853515625,376064,257.2449951171875,257.5799865722656,256.3900146484375,256.4200134277344,827821,314.7200012207031,315.1600036621094,314.55999755859375,314.6499938964844,775009,79.75,79.94999694824219,79.69010162353516,79.69010162353516,1738367,337.79998779296875,338.5799865722656,337.59521484375,337.75,443035
2026-08-27 11:30:00-04:00,571.5,572.5800170898438,570.3099975585938,571.2100219726562,304772,256.4200134277344,256.5400085449219,255.8699951171875,256.0849914550781,814820,314.6549987792969,315.07989501953125,314.2799987792969,314.7550048828125,574215,79.69000244140625,79.81999969482422,79.58499908447266,79.7249984741211,474094,337.760009765625,338.07989501953125,337.3900146484375,337.6099853515625,203267
2026-08-27 11:45:00-04:00,571.2100219726562,573.6336059570312,571.1500854492188,573.1099853515625,281279,256.0893859863281,256.4700012207031,255.94000244140625,256.3450012207031,556558,314.760009765625,314.8500061035156,314.1499938964844,314.80499267578125,866650,79.7249984741211,79.79000091552734,79.6500015258789,79.66010284423828,343266,337.6817932128906,338.1600036621094,337.3450012207031,337.8500061035156,267005
2026-08-27 12:00:00-04:00,573.2933959960938,573.7899780273438,572.7100219726562,573.6950073242188,294534,256.3450012207031,256.75,256.239990234375,256.5050048828125,593807,314.82000732421875,314.9700012207031,314.2900085449219,314.68499755859375,970624,79.66500091552734,79.75499725341797,79.62000274658203,79.6449966430664,335718,337.80999755859375,338.3500061035156,337.42999267578125,338.3500061035156,189662
2026-08-27 12:15:00-04:00,573.6950073242188,574.2991943359375,572.72998046875,572.9508056640625,244138,256.5050048828125,256.7091979980469,256.1449890136719,256.4599914550781,584709,314.6600036621094,314.7298889160156,314.110107421875,314.57000732421875,396333,79.6449966430664,79.72000122070312,79.55000305175781,79.62000274658203,502667,338.3299865722656,338.45001220703125,337.9800109863281,338.4200134277344,194093
2026-08-27 12:30:00-04:00,572.8400268554688,572.9552001953125,569.719970703125,571.2000122070312,435822,256.4599914550781,256.70001220703125,256.1499938964844,256.5400085449219,737649,314.56500244140625,314.8299865722656,314.25,314.7550048828125,400627,79.62000274658203,79.62550354003906,79.46009826660156,79.54000091552734,628864,338.42498779296875,338.80999755859375,338.2799987792969,338.6099853515625,215166
2026-08-27 12:45:00-04:00,571.27001953125,571.7999267578125,570.5526123046875,571.030029296875,385998,256.5299987792969,256.7550048828125,255.92300415039062,256.3030090332031,791285,314.7699890136719,315.1814880371094,314.5299987792969,315.0,582611,79.52999877929688,79.875,79.4800033569336,79.74500274658203,414228,338.6099853515625,338.739990234375,337.54998779296875,337.8800048828125,311210
2026-08-27 13:00:00-04:00,570.9400024414062,571.9000244140625,570.4099731445312,571.4600219726562,249939,256.2699890136719,256.2699890136719,255.6999969482422,256.010009765625,812107,315.0299987792969,315.3399963378906,314.739990234375,314.92999267578125,445835,79.7699966430664,79.80999755859375,79.72000122070312,79.7750015258789,375910,337.8599853515625,338.5,337.635009765625,338.45001220703125,238281
2026-08-27 13:15:00-04:00,571.3499755859375,571.7899780273438,570.6500244140625,571.219970703125,356632,256.01959228515625,256.0400085449219,255.44000244140625,255.89999389648438,1691296,314.92999267578125,315.3999938964844,314.82000732421875,315.2699890136719,513862,79.7750015258789,79.86499786376953,79.7300033569336,79.8196029663086,405707,338.44500732421875,338.54998779296875,337.760009765625,338.0299987792969,156154
2026-08-27 13:30:00-04:00,571.135009765625,571.8350830078125,570.5900268554688,571.5449829101562,229637,255.8800048828125,256.42999267578125,255.6999969482422,256.29998779296875,918918,315.2799987792969,315.3399963378906,314.489990234375,314.6899108886719,430586,79.81510162353516,79.91999816894531,79.80999755859375,79.91999816894531,433783,338.0039978027344,338.52398681640625,337.8900146484375,338.239990234375,126849
2026-08-27 13:45:00-04:00,571.5900268554688,571.8150024414062,569.5126953125,570.1500244140625,295434,256.3085021972656,256.32000732421875,255.47000122070312,255.8800048828125,1402992,314.69000244140625,315.0299987792969,314.6199951171875,314.82501220703125,443173,79.91500091552734,79.95500183105469,79.80999755859375,79.83499908447266,296376,338.2250061035156,338.3299865722656,337.42999267578125,337.9100036621094,203070
2026-08-27 14:00:00-04:00,570.2000122070312,570.469970703125,568.760009765625,569.0700073242188,235286,255.85499572753906,256.1050109863281,255.1199951171875,255.14939880371094,865770,314.8500061035156,314.9100036621094,314.1099853515625,314.3299865722656,388614,79.83999633789062,79.88999938964844,79.63999938964844,79.65499877929688,339013,337.9800109863281,338.4999084472656,337.4200134277344,337.5570983886719,258299
2026-08-27 14:15:00-04:00,568.97998046875,569.8200073242188,568.0499877929688,569.1599731445312,211070,255.1300048828125,255.4499969482422,255.02000427246094,255.08999633789062,683110,314.3349914550781,314.3999938964844,313.9934997558594,314.17999267578125,413949,79.65799713134766,79.93990325927734,79.65799713134766,79.81009674072266,470106,337.54998779296875,338.0,337.3299865722656,337.47900390625,173091
2026-08-27 14:30:00-04:00,569.1599731445312,569.969970703125,568.9199829101562,569.6900024414062,202643,255.09500122070312,255.61529541015625,255.09500122070312,255.375,539512,314.20001220703125,314.4800109863281,313.8599853515625,314.2449951171875,371260,79.81500244140625,79.9000015258789,79.7750015258789,79.9000015258789,676566,337.4700012207031,337.8900146484375,337.3999938964844,337.45001220703125,170868
2026-08-27 14:45:00-04:00,569.6749877929688,569.8399047851562,568.8099975585938,569.4849853515625,195058,255.38999938964844,255.6300048828125,255.11000061035156,255.5399932861328,509633,314.260009765625,314.5870056152344,313.57000732421875,313.8794860839844,487176,79.90499877929688,79.95999908447266,79.79000091552734,79.84500122070312,617819,337.42999267578125,337.8800048828125,337.4100036621094,337.6000061035156,188238
2026-08-27 15:00:00-04:00,569.4400024414062,570.7985229492188,569.1099853515625,570.5983276367188,204654,255.5500030517578,255.83999633789062,255.50999450683594,255.66000366210938,518331,313.8500061035156,314.3800048828125,313.6499938964844,314.2099914550781,475071,79.83999633789062,79.94000244140625,79.69000244140625,79.93000030517578,588941,337.5899963378906,337.8799133300781,337.3699951171875,337.6400146484375,639951
2026-08-27 15:15:00-04:00,570.5499877929688,570.6868896484375,568.7000122070312,569.4299926757812,269841,255.67990112304688,256.0799865722656,255.66000366210938,255.74000549316406,715235,314.25,314.29998779296875,313.44500732421875,313.57000732421875,561277,79.91999816894531,80.05999755859375,79.9000015258789,79.99500274658203,522788,337.6600036621094,337.70001220703125,337.2799987792969,337.44000244140625,188488
2026-08-27 15:30:00-04:00,569.4249877929688,569.8800048828125,568.72998046875,569.260009765625,254536,255.72999572753906,256.8753967285156,255.72999572753906,256.8450012207031,1155901,313.5799865722656,313.8999938964844,313.3699951171875,313.8900146484375,540290,79.98999786376953,80.16000366210938,79.98999786376953,80.06500244140625,770849,337.4599914550781,337.7799987792969,337.1700134277344,337.6199951171875,367198
2026-08-27 15:45:00-04:00,569.25,572.1900024414062,568.7999877929688,571.0700073242188,1029434,256.8299865722656,257.0799865722656,256.1099853515625,256.2200012207031,2752886,313.8800048828125,315.0899963378906,313.7699890136719,314.57501220703125,2770444,80.06999969482422,80.19000244140625,79.80999755859375,79.83000183105469,2987269,337.5899963378906,338.07000732421875,337.3399963378906,337.55499267578125,1108435
2026-08-28 09:30:00-04:00,571.9500122070312,584.1699829101562,571.0800170898438,583.7000122070312,1627512,258.32000732421875,259.54998779296875,257.7799987792969,259.3900146484375,2695941,317.0880126953125,318.1300048828125,315.5,317.32000732421875,3018331,80.33499908447266,80.80000305175781,79.94999694824219,80.58000183105469,1594012,337.8525085449219,339.9700012207031,337.2799987792969,339.67999267578125,1039995
2026-08-28 09:45:00-04:00,583.5499877929688,583.6300048828125,578.2999877929688,581.0,828199,259.4200134277344,259.7699890136719,258.739990234375,259.3599853515625,1460298,317.2825012207031,317.3699951171875,315.4504089355469,316.7099914550781,1261721,80.58450317382812,81.13999938964844,80.55000305175781,80.91000366210938,934342,339.67498779296875,340.6000061035156,339.36248779296875,340.3299865722656,621396
2026-08-28 10:00:00-04:00,580.6900024414062,583.5,578.885009765625,579.5,717050,259.3299865722656,260.260009765625,258.989990234375,259.5,1672297,316.7699890136719,317.1199035644531,316.04998779296875,316.5,845945,80.90499877929688,81.08999633789062,80.68499755859375,80.73500061035156,801665,340.32501220703125,341.25,339.30999755859375,339.8800048828125,576917
2026-08-28 10:15:00-04:00,579.8599853515625,581.2100219726562,576.1099853515625,577.010009765625,533403,259.489990234375,261.8999938964844,259.239990234375,260.8399963378906,1974198,316.4601135253906,317.1780090332031,316.16259765625,316.7250061035156,1148227,80.7300033569336,81.43000030517578,80.7249984741211,81.34500122070312,857055,339.8800048828125,340.70001220703125,339.28509521484375,340.2950134277344,414030
2026-08-28 10:30:00-04:00,577.2100219726562,580.77001953125,574.3599853515625,580.6799926757812,605993,260.9200134277344,263.4750061035156,260.6300048828125,263.4200134277344,2355312,316.7250061035156,319.57501220703125,316.5199890136719,319.4700012207031,1745878,81.34500122070312,81.8499984741211,81.32830047607422,81.84339904785156,845629,340.2799987792969,342.2850036621094,339.85589599609375,342.2699890136719,526712
2026-08-28 10:45:00-04:00,580.8300170898438,589.1900024414062,580.489990234375,584.8049926757812,1392599,263.4049987792969,265.42889404296875,263.32000732421875,265.260009765625,3332565,319.4800109863281,320.7789001464844,318.5899963378906,320.7099914550781,2301467,81.86250305175781,82.35350036621094,81.83000183105469,82.18000030517578,1191073,342.30999755859375,344.44000244140625,341.9100036621094,343.72979736328125,887248
2026-08-28 11:00:00-04:00,584.8049926757812,587.6500244140625,583.8800048828125,583.9099731445312,709702,265.2449951171875,267.1000061035156,265.0899963378906,265.7799987792969,3446459,320.7099914550781,321.3399963378906,320.0299987792969,320.8500061035156,1925697,82.16999816894531,82.2699966430664,81.91000366210938,81.98999786376953,1000874,343.75,345.42999267578125,343.3999938964844,343.67498779296875,907171
2026-08-28 11:15:00-04:00,583.9600219726562,586.0700073242188,583.3270874023438,584.6400146484375,444648,265.82000732421875,267.25,265.7099914550781,266.8500061035156,2040833,320.7998962402344,322.0299987792969,320.7998962402344,321.94000244140625,1420093,82.0,82.20999908447266,81.91000366210938,82.18499755859375,522460,343.67498779296875,344.95001220703125,343.1600036621094,344.95001220703125,524140
2026-08-28 11:30:00-04:00,584.75,585.2100219726562,580.3458251953125,580.5120239257812,405272,266.864990234375,267.55999755859375,266.6061096191406,266.7499084472656,1764840,321.9549865722656,322.3699951171875,321.29998779296875,321.79998779296875,1498168,82.19000244140625,82.2699966430664,82.0426025390625,82.07749938964844,515766,344.9700012207031,345.0899963378906,343.5096130371094,343.7300109863281,451011
2026-08-28 11:45:00-04:00,580.4600219726562,580.780029296875,575.030029296875,575.4749755859375,543205,266.69000244140625,266.7919921875,265.0299987792969,265.4150085449219,2233495,321.80999755859375,322.364990234375,321.1099853515625,321.4800109863281,1159551,82.07499694824219,82.18499755859375,81.94999694824219,82.03500366210938,522318,343.7300109863281,344.6199951171875,342.9200134277344,343.2349853515625,375898
2026-08-28 12:00:00-04:00,575.57470703125,576.9099731445312,574.4014892578125,576.2550048828125,482519,265.3999938964844,266.9100036621094,265.1700134277344,266.7699890136719,1446298,321.5,321.8599853515625,321.1099853515625,321.6199951171875,895737,82.03500366210938,82.1050033569336,81.93000030517578,82.01000213623047,556408,343.2300109863281,343.94000244140625,342.5199890136719,343.87200927734375,350851
2026-08-28 12:15:00-04:00,576.3099975585938,576.4299926757812,573.3001098632812,575.1799926757812,335695,266.7699890136719,267.05999755859375,264.7099914550781,265.8500061035156,1349658,321.6300048828125,321.8523864746094,320.5350036621094,320.9700012207031,850490,82.01499938964844,82.06999969482422,81.58000183105469,81.68499755859375,554232,343.8949890136719,344.0,341.8800048828125,342.8299865722656,371220
2026-08-28 12:30:00-04:00,575.239990234375,576.4099731445312,574.6300048828125,575.1347045898438,223015,265.8900146484375,266.3800048828125,265.4150085449219,265.57000732421875,957074,320.94500732421875,321.5199890136719,320.61358642578125,320.625,652938,81.68000030517578,81.87930297851562,81.59500122070312,81.62999725341797,378101,342.79998779296875,343.5299072265625,342.3999938964844,342.4700012207031,194895
2026-08-28 12:45:00-04:00,575.260009765625,576.4199829101562,574.77001953125,575.0676879882812,207131,265.5299987792969,266.1899108886719,265.1199951171875,265.17999267578125,890386,320.625,321.3500061035156,320.6145935058594,320.8450012207031,584996,81.62999725341797,81.69999694824219,81.5199966430664,81.54000091552734,339248,342.5050048828125,342.95001220703125,341.8800048828125,341.8900146484375,224411
2026-08-28 13:00:00-04:00,575.030029296875,575.75,574.35009765625,575.651611328125,191690,265.1499938964844,265.5799865722656,264.3900146484375,265.54998779296875,2173328,320.82000732421875,320.8299865722656,320.2799987792969,320.7699890136719,666037,81.55999755859375,81.63999938964844,81.45999908447266,81.54499816894531,364345,341.9200134277344,342.6000061035156,341.5199890136719,342.4599914550781,192779
2026-08-28 13:15:00-04:00,575.6300048828125,576.8809204101562,574.7349853515625,575.8400268554688,224157,265.5400085449219,265.57000732421875,265.0600891113281,265.260009765625,933741,320.7799987792969,320.79998779296875,319.5801086425781,319.739990234375,637968,81.54499816894531,81.6500015258789,81.4800033569336,81.48989868164062,311496,342.489990234375,343.05499267578125,342.32000732421875,342.8999938964844,271518
2026-08-28 13:30:00-04:00,575.965576171875,576.8699951171875,575.280029296875,575.8300170898438,168608,265.2200012207031,265.3606872558594,264.8100891113281,265.1400146484375,697681,319.80999755859375,320.0400085449219,319.3800048828125,319.4150085449219,503152,81.49009704589844,81.54940032958984,81.41999816894531,81.48999786376953,335208,342.8999938964844,343.0199890136719,342.1400146484375,342.7701110839844,198041
2026-08-28 13:45:00-04:00,575.6649780273438,576.0344848632812,575.0020751953125,575.7999877929688,141950,265.0899963378906,265.54998779296875,265.0101013183594,265.43499755859375,768832,319.4150085449219,319.70001220703125,319.3699951171875,319.69000244140625,499532,81.48999786376953,81.52999877929688,81.41000366210938,81.48999786376953,300644,342.7799987792969,343.1499938964844,342.680908203125,343.04998779296875,171363
2026-08-28 14:00:00-04:00,575.6699829101562,577.2899780273438,575.6699829101562,576.0399780273438,309689,265.3999938964844,265.4794921875,264.8299865722656,265.1099853515625,515436,319.7099914550781,320.04998779296875,319.44000244140625,319.6499938964844,512733,81.4800033569336,81.55999755859375,81.42009735107422,81.51000213623047,300232,343.04998779296875,343.5892028808594,342.8900146484375,343.25,232754
2026-08-28 14:15:00-04:00,575.9199829101562,576.1798706054688,574.2803955078125,574.5050048828125,518022,265.114990234375,265.6300048828125,264.95001220703125,265.29998779296875,647899,319.6401062011719,319.8299865722656,319.3999938964844,319.5400085449219,492440,81.5,81.56999969482422,81.47000122070312,81.55000305175781,333714,343.25,343.489990234375,342.5299987792969,342.57000732421875,248603
2026-08-28 14:30:00-04:00,574.5499877929688,577.2999877929688,574.4249877929688,577.2551879882812,278063,265.3599853515625,265.7799072265625,265.010009765625,265.75,651852,319.54998779296875,319.75,319.42999267578125,319.5950012207031,445561,81.55000305175781,81.63999938964844,81.51940155029297,81.63500213623047,356726,342.5740051269531,343.3399963378906,342.54998779296875,343.30999755859375,268926
2026-08-28 14:45:00-04:00,577.2150268554688,577.489990234375,573.8800048828125,573.9749755859375,251552,265.74249267578125,265.8999938964844,264.7699890136719,265.1499938964844,1691048,319.5899963378906,319.81500244140625,319.04998779296875,319.81500244140625,1386443,81.62999725341797,81.65499877929688,81.54499816894531,81.62000274658203,384368,343.30999755859375,343.6600036621094,342.8999938964844,343.3500061035156,340883
2026-08-28 15:00:00-04:00,574.0350952148438,577.7000122070312,573.989990234375,576.864990234375,322700,265.1199951171875,265.4700012207031,265.0,265.4049987792969,657770,319.82000732421875,319.889892578125,319.239990234375,319.6400146484375,739739,81.62989807128906,81.74500274658203,81.625,81.71499633789062,406932,343.3550109863281,344.5199890136719,343.2699890136719,344.0249938964844,344593
2026-08-28 15:15:00-04:00,576.864990234375,577.5131225585938,575.8800048828125,577.3499755859375,235502,265.3800048828125,266.0400085449219,265.0,266.0400085449219,901449,319.6099853515625,319.989990234375,319.5299987792969,319.5450134277344,680868,81.71499633789062,81.80500030517578,81.66999816894531,81.80000305175781,663641,344.0000915527344,344.2099914550781,343.6499938964844,344.0368957519531,269174
2026-08-28 15:30:00-04:00,577.3499755859375,577.4400024414062,575.9299926757812,576.2550048828125,263149,266.07501220703125,266.5,265.67999267578125,266.2515869140625,1155990,319.7825927734375,320.1993103027344,319.5,319.8349914550781,1168503,81.80000305175781,81.91500091552734,81.69000244140625,81.83000183105469,820232,344.0199890136719,344.2200012207031,343.54998779296875,344.04998779296875,376168
2026-08-28 15:45:00-04:00,576.1942749023438,578.97998046875,575.4099731445312,578.02001953125,1450905,266.260009765625,266.7300109863281,265.7755126953125,266.3800048828125,3175445,319.70001220703125,320.3299865722656,319.5199890136719,319.6400146484375,2255280,81.82499694824219,82.0198974609375,81.5999984741211,81.7300033569336,2299990,344.0400085449219,344.1400146484375,342.7300109863281,342.8800048828125,1447110
